Id,IsDeleted,Name,CreatedDate,CreatedById,LastModifiedDate,LastModifiedById,SystemModstamp,LastActivityDate,Topic__c,Resource__c,Private__c
a031k000002azOAAAY,,TR-00339,2020-03-05T16:15:42.000+0000,0051k000002Vkr6AAC,2020-03-05T16:15:42.000+0000,0051k000002Vkr6AAC,2020-03-05T16:15:42.000+0000,,a061k000002pg70AAA,a001k000002gfpBAAQ,
a031k000002XbWFAA0,,TR-00226,2020-02-25T17:41:10.000+0000,0051k000002Vkr6AAC,2020-02-25T17:41:10.000+0000,0051k000002Vkr6AAC,2020-02-25T17:41:10.000+0000,,a061k000002pg6gAAA,a001k000002gG3pAAE,
a031k000002XbVGAA0,,TR-00200,2020-02-25T16:26:43.000+0000,0051k000002Vkr6AAC,2020-02-25T16:26:43.000+0000,0051k000002Vkr6AAC,2020-02-25T16:26:43.000+0000,,a061k000002pg7AAAQ,a001k000002gG1MAAU,
a031k000002XbVHAA0,,TR-00201,2020-02-25T16:26:43.000+0000,0051k000002Vkr6AAC,2020-02-25T16:26:43.000+0000,0051k000002Vkr6AAC,2020-02-25T16:26:43.000+0000,,a061k000002pg7BAAQ,a001k000002gG1MAAU,
a031k000002XbVIAA0,,TR-00202,2020-02-25T16:26:43.000+0000,0051k000002Vkr6AAC,2020-02-25T16:26:43.000+0000,0051k000002Vkr6AAC,2020-02-25T16:26:43.000+0000,,a061k000002pg7CAAQ,a001k000002gG1MAAU,
a031k000002XbVJAA0,,TR-00203,2020-02-25T16:26:43.000+0000,0051k000002Vkr6AAC,2020-02-25T16:26:43.000+0000,0051k000002Vkr6AAC,2020-02-25T16:26:43.000+0000,,a061k000002pg7DAAQ,a001k000002gG1MAAU,
a031k000002XbVKAA0,,TR-00204,2020-02-25T16:26:43.000+0000,0051k000002Vkr6AAC,2020-02-25T16:26:43.000+0000,0051k000002Vkr6AAC,2020-02-25T16:26:43.000+0000,,a061k000002pg7EAAQ,a001k000002gG1MAAU,
a031k000002XbVLAA0,,TR-00205,2020-02-25T16:26:43.000+0000,0051k000002Vkr6AAC,2020-02-25T16:26:43.000+0000,0051k000002Vkr6AAC,2020-02-25T16:26:43.000+0000,,a061k000002pg7FAAQ,a001k000002gG1MAAU,
a031k000002XbVMAA0,,TR-00206,2020-02-25T16:26:43.000+0000,0051k000002Vkr6AAC,2020-02-25T16:26:43.000+0000,0051k000002Vkr6AAC,2020-02-25T16:26:43.000+0000,,a061k000002pg7GAAQ,a001k000002gG1MAAU,
a031k000002XbVNAA0,,TR-00207,2020-02-25T16:26:43.000+0000,0051k000002Vkr6AAC,2020-02-25T16:26:43.000+0000,0051k000002Vkr6AAC,2020-02-25T16:26:43.000+0000,,a061k000002pg7HAAQ,a001k000002gG1MAAU,
a031k000002XbVOAA0,,TR-00208,2020-02-25T16:26:43.000+0000,0051k000002Vkr6AAC,2020-02-25T16:26:43.000+0000,0051k000002Vkr6AAC,2020-02-25T16:26:43.000+0000,,a061k000002pg7IAAQ,a001k000002gG1MAAU,
a031k000002XbVPAA0,,TR-00209,2020-02-25T16:26:43.000+0000,0051k000002Vkr6AAC,2020-02-25T16:26:43.000+0000,0051k000002Vkr6AAC,2020-02-25T16:26:43.000+0000,,a061k000002pg7JAAQ,a001k000002gG1MAAU,
a031k000002XbVQAA0,,TR-00210,2020-02-25T16:26:43.000+0000,0051k000002Vkr6AAC,2020-02-25T16:26:43.000+0000,0051k000002Vkr6AAC,2020-02-25T16:26:43.000+0000,,a061k000002pg7KAAQ,a001k000002gG1MAAU,
a031k000002XbVRAA0,,TR-00211,2020-02-25T16:26:43.000+0000,0051k000002Vkr6AAC,2020-02-25T16:26:43.000+0000,0051k000002Vkr6AAC,2020-02-25T16:26:43.000+0000,,a061k000002pg7LAAQ,a001k000002gG1MAAU,
a031k000002XbVSAA0,,TR-00212,2020-02-25T16:26:43.000+0000,0051k000002Vkr6AAC,2020-02-25T16:26:43.000+0000,0051k000002Vkr6AAC,2020-02-25T16:26:43.000+0000,,a061k000002pg7MAAQ,a001k000002gG1MAAU,
a031k000002XbVTAA0,,TR-00213,2020-02-25T16:26:43.000+0000,0051k000002Vkr6AAC,2020-02-25T16:26:43.000+0000,0051k000002Vkr6AAC,2020-02-25T16:26:43.000+0000,,a061k000002pg7NAAQ,a001k000002gG1MAAU,
a031k000002XbVUAA0,,TR-00214,2020-02-25T16:26:43.000+0000,0051k000002Vkr6AAC,2020-02-25T16:26:43.000+0000,0051k000002Vkr6AAC,2020-02-25T16:26:43.000+0000,,a061k000002pg7OAAQ,a001k000002gG1MAAU,
a031k000002XbVVAA0,,TR-00215,2020-02-25T16:26:43.000+0000,0051k000002Vkr6AAC,2020-02-25T16:26:43.000+0000,0051k000002Vkr6AAC,2020-02-25T16:26:43.000+0000,,a061k000002pg7PAAQ,a001k000002gG1MAAU,
a031k000002XbVWAA0,,TR-00216,2020-02-25T16:26:43.000+0000,0051k000002Vkr6AAC,2020-02-25T16:26:43.000+0000,0051k000002Vkr6AAC,2020-02-25T16:26:43.000+0000,,a061k000002pg7QAAQ,a001k000002gG1MAAU,
a031k000002XbVXAA0,,TR-00217,2020-02-25T16:26:43.000+0000,0051k000002Vkr6AAC,2020-02-25T16:26:43.000+0000,0051k000002Vkr6AAC,2020-02-25T16:26:43.000+0000,,a061k000002pg7RAAQ,a001k000002gG1MAAU,
a031k000002XbVYAA0,,TR-00218,2020-02-25T16:26:43.000+0000,0051k000002Vkr6AAC,2020-02-25T16:26:43.000+0000,0051k000002Vkr6AAC,2020-02-25T16:26:43.000+0000,,a061k000002pg7SAAQ,a001k000002gG1MAAU,
a031k000002XbVZAA0,,TR-00219,2020-02-25T16:26:43.000+0000,0051k000002Vkr6AAC,2020-02-25T16:26:43.000+0000,0051k000002Vkr6AAC,2020-02-25T16:26:43.000+0000,,a061k000002pg7TAAQ,a001k000002gG1MAAU,
a031k000002XbVaAAK,,TR-00220,2020-02-25T16:26:43.000+0000,0051k000002Vkr6AAC,2020-02-25T16:26:43.000+0000,0051k000002Vkr6AAC,2020-02-25T16:26:43.000+0000,,a061k000002pg7UAAQ,a001k000002gG1MAAU,
a031k000002XbVbAAK,,TR-00221,2020-02-25T16:26:43.000+0000,0051k000002Vkr6AAC,2020-02-25T16:26:43.000+0000,0051k000002Vkr6AAC,2020-02-25T16:26:43.000+0000,,a061k000002pg7VAAQ,a001k000002gG1MAAU,
a031k000002XbVcAAK,,TR-00222,2020-02-25T16:26:43.000+0000,0051k000002Vkr6AAC,2020-02-25T16:26:43.000+0000,0051k000002Vkr6AAC,2020-02-25T16:26:43.000+0000,,a061k000002pg7WAAQ,a001k000002gG1MAAU,
a031k000002XbVdAAK,,TR-00223,2020-02-25T16:26:43.000+0000,0051k000002Vkr6AAC,2020-02-25T16:26:43.000+0000,0051k000002Vkr6AAC,2020-02-25T16:26:43.000+0000,,a061k000002pg6gAAA,a001k000002gG1aAAE,
a031k000002XbVeAAK,,TR-00224,2020-02-25T16:26:43.000+0000,0051k000002Vkr6AAC,2020-02-25T16:26:43.000+0000,0051k000002Vkr6AAC,2020-02-25T16:26:43.000+0000,,a061k000002pg7MAAQ,a001k000002gG1PAAU,
a031k000002XbVfAAK,,TR-00225,2020-02-25T16:26:43.000+0000,0051k000002Vkr6AAC,2020-02-25T16:26:43.000+0000,0051k000002Vkr6AAC,2020-02-25T16:26:43.000+0000,,a061k000002pg7CAAQ,a001k000002gG1hAAE,
a031k000002XrZMAA0,,TR-00228,2020-02-28T00:36:00.000+0000,0051k000002Vkr6AAC,2020-02-28T00:36:00.000+0000,0051k000002Vkr6AAC,2020-02-28T00:36:00.000+0000,,a061k000002pg76AAA,a001k000002gROcAAM,
a031k000002XbS2AAK,,TR-00000,2020-02-25T16:26:42.000+0000,0051k000002Vkr6AAC,2020-02-25T16:26:42.000+0000,0051k000002Vkr6AAC,2020-02-25T16:26:42.000+0000,,a061k000002pg6hAAA,a001k000002gG1eAAE,
a031k000002XbS3AAK,,TR-00001,2020-02-25T16:26:42.000+0000,0051k000002Vkr6AAC,2020-02-25T16:26:42.000+0000,0051k000002Vkr6AAC,2020-02-25T16:26:42.000+0000,,a061k000002pg6iAAA,a001k000002gG1eAAE,
a031k000002XbS4AAK,,TR-00002,2020-02-25T16:26:42.000+0000,0051k000002Vkr6AAC,2020-02-25T16:26:42.000+0000,0051k000002Vkr6AAC,2020-02-25T16:26:42.000+0000,,a061k000002pg6jAAA,a001k000002gG1eAAE,
a031k000002XbS5AAK,,TR-00003,2020-02-25T16:26:42.000+0000,0051k000002Vkr6AAC,2020-02-25T16:26:42.000+0000,0051k000002Vkr6AAC,2020-02-25T16:26:42.000+0000,,a061k000002pg6kAAA,a001k000002gG1eAAE,
a031k000002XbS6AAK,,TR-00004,2020-02-25T16:26:42.000+0000,0051k000002Vkr6AAC,2020-02-25T16:26:42.000+0000,0051k000002Vkr6AAC,2020-02-25T16:26:42.000+0000,,a061k000002pg6lAAA,a001k000002gG1eAAE,
a031k000002XbS7AAK,,TR-00005,2020-02-25T16:26:42.000+0000,0051k000002Vkr6AAC,2020-02-25T16:26:42.000+0000,0051k000002Vkr6AAC,2020-02-25T16:26:42.000+0000,,a061k000002pg6mAAA,a001k000002gG1eAAE,
a031k000002XbS8AAK,,TR-00006,2020-02-25T16:26:42.000+0000,0051k000002Vkr6AAC,2020-02-25T16:26:42.000+0000,0051k000002Vkr6AAC,2020-02-25T16:26:42.000+0000,,a061k000002pg6nAAA,a001k000002gG1eAAE,
a031k000002XbS9AAK,,TR-00007,2020-02-25T16:26:42.000+0000,0051k000002Vkr6AAC,2020-02-25T16:26:42.000+0000,0051k000002Vkr6AAC,2020-02-25T16:26:42.000+0000,,a061k000002pg6oAAA,a001k000002gG1eAAE,
a031k000002XbSAAA0,,TR-00008,2020-02-25T16:26:42.000+0000,0051k000002Vkr6AAC,2020-02-25T16:26:42.000+0000,0051k000002Vkr6AAC,2020-02-25T16:26:42.000+0000,,a061k000002pg6pAAA,a001k000002gG1eAAE,
a031k000002XbSBAA0,,TR-00009,2020-02-25T16:26:42.000+0000,0051k000002Vkr6AAC,2020-02-25T16:26:42.000+0000,0051k000002Vkr6AAC,2020-02-25T16:26:42.000+0000,,a061k000002pg6qAAA,a001k000002gG1eAAE,
a031k000002XbSCAA0,,TR-00010,2020-02-25T16:26:42.000+0000,0051k000002Vkr6AAC,2020-02-25T16:26:42.000+0000,0051k000002Vkr6AAC,2020-02-25T16:26:42.000+0000,,a061k000002pg6rAAA,a001k000002gG1eAAE,
a031k000002XbSDAA0,,TR-00011,2020-02-25T16:26:42.000+0000,0051k000002Vkr6AAC,2020-02-25T16:26:42.000+0000,0051k000002Vkr6AAC,2020-02-25T16:26:42.000+0000,,a061k000002pg6sAAA,a001k000002gG1eAAE,
a031k000002XbSEAA0,,TR-00012,2020-02-25T16:26:42.000+0000,0051k000002Vkr6AAC,2020-02-25T16:26:42.000+0000,0051k000002Vkr6AAC,2020-02-25T16:26:42.000+0000,,a061k000002pg6tAAA,a001k000002gG1eAAE,
a031k000002XbSFAA0,,TR-00013,2020-02-25T16:26:42.000+0000,0051k000002Vkr6AAC,2020-02-25T16:26:42.000+0000,0051k000002Vkr6AAC,2020-02-25T16:26:42.000+0000,,a061k000002pg6uAAA,a001k000002gG1eAAE,
a031k000002XbSGAA0,,TR-00014,2020-02-25T16:26:42.000+0000,0051k000002Vkr6AAC,2020-02-25T16:26:42.000+0000,0051k000002Vkr6AAC,2020-02-25T16:26:42.000+0000,,a061k000002pg6vAAA,a001k000002gG1eAAE,
a031k000002XbSHAA0,,TR-00015,2020-02-25T16:26:42.000+0000,0051k000002Vkr6AAC,2020-02-25T16:26:42.000+0000,0051k000002Vkr6AAC,2020-02-25T16:26:42.000+0000,,a061k000002pg6wAAA,a001k000002gG1eAAE,
a031k000002XbSIAA0,,TR-00016,2020-02-25T16:26:42.000+0000,0051k000002Vkr6AAC,2020-02-25T16:26:42.000+0000,0051k000002Vkr6AAC,2020-02-25T16:26:42.000+0000,,a061k000002pg6xAAA,a001k000002gG1eAAE,
a031k000002XbSJAA0,,TR-00017,2020-02-25T16:26:42.000+0000,0051k000002Vkr6AAC,2020-02-25T16:26:42.000+0000,0051k000002Vkr6AAC,2020-02-25T16:26:42.000+0000,,a061k000002pg6yAAA,a001k000002gG1eAAE,
a031k000002XbSKAA0,,TR-00018,2020-02-25T16:26:42.000+0000,0051k000002Vkr6AAC,2020-02-25T16:26:42.000+0000,0051k000002Vkr6AAC,2020-02-25T16:26:42.000+0000,,a061k000002pg6zAAA,a001k000002gG1eAAE,
a031k000002XbSLAA0,,TR-00019,2020-02-25T16:26:42.000+0000,0051k000002Vkr6AAC,2020-02-25T16:26:42.000+0000,0051k000002Vkr6AAC,2020-02-25T16:26:42.000+0000,,a061k000002pg70AAA,a001k000002gG1eAAE,
a031k000002XbSMAA0,,TR-00020,2020-02-25T16:26:42.000+0000,0051k000002Vkr6AAC,2020-02-25T16:26:42.000+0000,0051k000002Vkr6AAC,2020-02-25T16:26:42.000+0000,,a061k000002pg71AAA,a001k000002gG1eAAE,
a031k000002XbSNAA0,,TR-00021,2020-02-25T16:26:42.000+0000,0051k000002Vkr6AAC,2020-02-25T16:26:42.000+0000,0051k000002Vkr6AAC,2020-02-25T16:26:42.000+0000,,a061k000002pg72AAA,a001k000002gG1eAAE,
a031k000002XbSOAA0,,TR-00022,2020-02-25T16:26:42.000+0000,0051k000002Vkr6AAC,2020-02-25T16:26:42.000+0000,0051k000002Vkr6AAC,2020-02-25T16:26:42.000+0000,,a061k000002pg73AAA,a001k000002gG1eAAE,
a031k000002XbSPAA0,,TR-00023,2020-02-25T16:26:42.000+0000,0051k000002Vkr6AAC,2020-02-25T16:26:42.000+0000,0051k000002Vkr6AAC,2020-02-25T16:26:42.000+0000,,a061k000002pg74AAA,a001k000002gG1eAAE,
a031k000002XbSQAA0,,TR-00024,2020-02-25T16:26:42.000+0000,0051k000002Vkr6AAC,2020-02-25T16:26:42.000+0000,0051k000002Vkr6AAC,2020-02-25T16:26:42.000+0000,,a061k000002pg75AAA,a001k000002gG1eAAE,
a031k000002XbSRAA0,,TR-00025,2020-02-25T16:26:42.000+0000,0051k000002Vkr6AAC,2020-02-25T16:26:42.000+0000,0051k000002Vkr6AAC,2020-02-25T16:26:42.000+0000,,a061k000002pg76AAA,a001k000002gG1eAAE,
a031k000002XbSSAA0,,TR-00026,2020-02-25T16:26:42.000+0000,0051k000002Vkr6AAC,2020-02-25T16:26:42.000+0000,0051k000002Vkr6AAC,2020-02-25T16:26:42.000+0000,,a061k000002pg77AAA,a001k000002gG1eAAE,
a031k000002XbSTAA0,,TR-00027,2020-02-25T16:26:42.000+0000,0051k000002Vkr6AAC,2020-02-25T16:26:42.000+0000,0051k000002Vkr6AAC,2020-02-25T16:26:42.000+0000,,a061k000002pg78AAA,a001k000002gG1eAAE,
a031k000002XbSUAA0,,TR-00028,2020-02-25T16:26:42.000+0000,0051k000002Vkr6AAC,2020-02-25T16:26:42.000+0000,0051k000002Vkr6AAC,2020-02-25T16:26:42.000+0000,,a061k000002pg79AAA,a001k000002gG1eAAE,
a031k000002XbSVAA0,,TR-00029,2020-02-25T16:26:42.000+0000,0051k000002Vkr6AAC,2020-02-25T16:26:42.000+0000,0051k000002Vkr6AAC,2020-02-25T16:26:42.000+0000,,a061k000002pg7AAAQ,a001k000002gG1eAAE,
a031k000002XbSWAA0,,TR-00030,2020-02-25T16:26:42.000+0000,0051k000002Vkr6AAC,2020-02-25T16:26:42.000+0000,0051k000002Vkr6AAC,2020-02-25T16:26:42.000+0000,,a061k000002pg7BAAQ,a001k000002gG1eAAE,
a031k000002XbSXAA0,,TR-00031,2020-02-25T16:26:42.000+0000,0051k000002Vkr6AAC,2020-02-25T16:26:42.000+0000,0051k000002Vkr6AAC,2020-02-25T16:26:42.000+0000,,a061k000002pg7CAAQ,a001k000002gG1eAAE,
a031k000002XbSYAA0,,TR-00032,2020-02-25T16:26:42.000+0000,0051k000002Vkr6AAC,2020-02-25T16:26:42.000+0000,0051k000002Vkr6AAC,2020-02-25T16:26:42.000+0000,,a061k000002pg7DAAQ,a001k000002gG1eAAE,
a031k000002XbSZAA0,,TR-00033,2020-02-25T16:26:42.000+0000,0051k000002Vkr6AAC,2020-02-25T16:26:42.000+0000,0051k000002Vkr6AAC,2020-02-25T16:26:42.000+0000,,a061k000002pg7EAAQ,a001k000002gG1eAAE,
a031k000002XbSaAAK,,TR-00034,2020-02-25T16:26:42.000+0000,0051k000002Vkr6AAC,2020-02-25T16:26:42.000+0000,0051k000002Vkr6AAC,2020-02-25T16:26:42.000+0000,,a061k000002pg7FAAQ,a001k000002gG1eAAE,
a031k000002XbSbAAK,,TR-00035,2020-02-25T16:26:42.000+0000,0051k000002Vkr6AAC,2020-02-25T16:26:42.000+0000,0051k000002Vkr6AAC,2020-02-25T16:26:42.000+0000,,a061k000002pg7GAAQ,a001k000002gG1eAAE,
a031k000002XbScAAK,,TR-00036,2020-02-25T16:26:42.000+0000,0051k000002Vkr6AAC,2020-02-25T16:26:42.000+0000,0051k000002Vkr6AAC,2020-02-25T16:26:42.000+0000,,a061k000002pg7HAAQ,a001k000002gG1eAAE,
a031k000002XbSdAAK,,TR-00037,2020-02-25T16:26:42.000+0000,0051k000002Vkr6AAC,2020-02-25T16:26:42.000+0000,0051k000002Vkr6AAC,2020-02-25T16:26:42.000+0000,,a061k000002pg7IAAQ,a001k000002gG1eAAE,
a031k000002XbSeAAK,,TR-00038,2020-02-25T16:26:42.000+0000,0051k000002Vkr6AAC,2020-02-25T16:26:42.000+0000,0051k000002Vkr6AAC,2020-02-25T16:26:42.000+0000,,a061k000002pg7JAAQ,a001k000002gG1eAAE,
a031k000002XbSfAAK,,TR-00039,2020-02-25T16:26:42.000+0000,0051k000002Vkr6AAC,2020-02-25T16:26:42.000+0000,0051k000002Vkr6AAC,2020-02-25T16:26:42.000+0000,,a061k000002pg7KAAQ,a001k000002gG1eAAE,
a031k000002XbSgAAK,,TR-00040,2020-02-25T16:26:42.000+0000,0051k000002Vkr6AAC,2020-02-25T16:26:42.000+0000,0051k000002Vkr6AAC,2020-02-25T16:26:42.000+0000,,a061k000002pg7LAAQ,a001k000002gG1eAAE,
a031k000002XbShAAK,,TR-00041,2020-02-25T16:26:42.000+0000,0051k000002Vkr6AAC,2020-02-25T16:26:42.000+0000,0051k000002Vkr6AAC,2020-02-25T16:26:42.000+0000,,a061k000002pg7MAAQ,a001k000002gG1eAAE,
a031k000002XbSiAAK,,TR-00042,2020-02-25T16:26:42.000+0000,0051k000002Vkr6AAC,2020-02-25T16:26:42.000+0000,0051k000002Vkr6AAC,2020-02-25T16:26:42.000+0000,,a061k000002pg7NAAQ,a001k000002gG1eAAE,
a031k000002XbSjAAK,,TR-00043,2020-02-25T16:26:42.000+0000,0051k000002Vkr6AAC,2020-02-25T16:26:42.000+0000,0051k000002Vkr6AAC,2020-02-25T16:26:42.000+0000,,a061k000002pg7OAAQ,a001k000002gG1eAAE,
a031k000002XbSkAAK,,TR-00044,2020-02-25T16:26:42.000+0000,0051k000002Vkr6AAC,2020-02-25T16:26:42.000+0000,0051k000002Vkr6AAC,2020-02-25T16:26:42.000+0000,,a061k000002pg7PAAQ,a001k000002gG1eAAE,
a031k000002XbSlAAK,,TR-00045,2020-02-25T16:26:42.000+0000,0051k000002Vkr6AAC,2020-02-25T16:26:42.000+0000,0051k000002Vkr6AAC,2020-02-25T16:26:42.000+0000,,a061k000002pg7QAAQ,a001k000002gG1eAAE,
a031k000002XbSmAAK,,TR-00046,2020-02-25T16:26:42.000+0000,0051k000002Vkr6AAC,2020-02-25T16:26:42.000+0000,0051k000002Vkr6AAC,2020-02-25T16:26:42.000+0000,,a061k000002pg7RAAQ,a001k000002gG1eAAE,
a031k000002XbSnAAK,,TR-00047,2020-02-25T16:26:42.000+0000,0051k000002Vkr6AAC,2020-02-25T16:26:42.000+0000,0051k000002Vkr6AAC,2020-02-25T16:26:42.000+0000,,a061k000002pg7SAAQ,a001k000002gG1eAAE,
a031k000002XbSoAAK,,TR-00048,2020-02-25T16:26:42.000+0000,0051k000002Vkr6AAC,2020-02-25T16:26:42.000+0000,0051k000002Vkr6AAC,2020-02-25T16:26:42.000+0000,,a061k000002pg7TAAQ,a001k000002gG1eAAE,
a031k000002XbSpAAK,,TR-00049,2020-02-25T16:26:42.000+0000,0051k000002Vkr6AAC,2020-02-25T16:26:42.000+0000,0051k000002Vkr6AAC,2020-02-25T16:26:42.000+0000,,a061k000002pg7UAAQ,a001k000002gG1eAAE,
a031k000002XbSqAAK,,TR-00050,2020-02-25T16:26:42.000+0000,0051k000002Vkr6AAC,2020-02-25T16:26:42.000+0000,0051k000002Vkr6AAC,2020-02-25T16:26:42.000+0000,,a061k000002pg7VAAQ,a001k000002gG1eAAE,
a031k000002XbSrAAK,,TR-00051,2020-02-25T16:26:42.000+0000,0051k000002Vkr6AAC,2020-02-25T16:26:42.000+0000,0051k000002Vkr6AAC,2020-02-25T16:26:42.000+0000,,a061k000002pg7WAAQ,a001k000002gG1eAAE,
a031k000002XbSsAAK,,TR-00052,2020-02-25T16:26:42.000+0000,0051k000002Vkr6AAC,2020-02-25T16:26:42.000+0000,0051k000002Vkr6AAC,2020-02-25T16:26:42.000+0000,,a061k000002pg7YAAQ,a001k000002gG1bAAE,
a031k000002XbStAAK,,TR-00053,2020-02-25T16:26:42.000+0000,0051k000002Vkr6AAC,2020-02-25T16:26:42.000+0000,0051k000002Vkr6AAC,2020-02-25T16:26:42.000+0000,,a061k000002pg7ZAAQ,a001k000002gG1SAAU,
a031k000002XbSuAAK,,TR-00054,2020-02-25T16:26:42.000+0000,0051k000002Vkr6AAC,2020-02-25T16:26:42.000+0000,0051k000002Vkr6AAC,2020-02-25T16:26:42.000+0000,,a061k000002pg7CAAQ,a001k000002gG1PAAU,
a031k000002XbSvAAK,,TR-00055,2020-02-25T16:26:42.000+0000,0051k000002Vkr6AAC,2020-02-25T16:26:42.000+0000,0051k000002Vkr6AAC,2020-02-25T16:26:42.000+0000,,a061k000002pg6hAAA,a001k000002gG1QAAU,
a031k000002XbSwAAK,,TR-00056,2020-02-25T16:26:42.000+0000,0051k000002Vkr6AAC,2020-02-25T16:26:42.000+0000,0051k000002Vkr6AAC,2020-02-25T16:26:42.000+0000,,a061k000002pg6iAAA,a001k000002gG1QAAU,
a031k000002XbSxAAK,,TR-00057,2020-02-25T16:26:42.000+0000,0051k000002Vkr6AAC,2020-02-25T16:26:42.000+0000,0051k000002Vkr6AAC,2020-02-25T16:26:42.000+0000,,a061k000002pg6jAAA,a001k000002gG1QAAU,
a031k000002XbSyAAK,,TR-00058,2020-02-25T16:26:42.000+0000,0051k000002Vkr6AAC,2020-02-25T16:26:42.000+0000,0051k000002Vkr6AAC,2020-02-25T16:26:42.000+0000,,a061k000002pg6kAAA,a001k000002gG1QAAU,
a031k000002XbSzAAK,,TR-00059,2020-02-25T16:26:42.000+0000,0051k000002Vkr6AAC,2020-02-25T16:26:42.000+0000,0051k000002Vkr6AAC,2020-02-25T16:26:42.000+0000,,a061k000002pg6lAAA,a001k000002gG1QAAU,
a031k000002XbT0AAK,,TR-00060,2020-02-25T16:26:42.000+0000,0051k000002Vkr6AAC,2020-02-25T16:26:42.000+0000,0051k000002Vkr6AAC,2020-02-25T16:26:42.000+0000,,a061k000002pg6mAAA,a001k000002gG1QAAU,
a031k000002XbT1AAK,,TR-00061,2020-02-25T16:26:42.000+0000,0051k000002Vkr6AAC,2020-02-25T16:26:42.000+0000,0051k000002Vkr6AAC,2020-02-25T16:26:42.000+0000,,a061k000002pg6nAAA,a001k000002gG1QAAU,
a031k000002XbT2AAK,,TR-00062,2020-02-25T16:26:42.000+0000,0051k000002Vkr6AAC,2020-02-25T16:26:42.000+0000,0051k000002Vkr6AAC,2020-02-25T16:26:42.000+0000,,a061k000002pg6oAAA,a001k000002gG1QAAU,
a031k000002XbT3AAK,,TR-00063,2020-02-25T16:26:42.000+0000,0051k000002Vkr6AAC,2020-02-25T16:26:42.000+0000,0051k000002Vkr6AAC,2020-02-25T16:26:42.000+0000,,a061k000002pg6pAAA,a001k000002gG1QAAU,
a031k000002XbT4AAK,,TR-00064,2020-02-25T16:26:42.000+0000,0051k000002Vkr6AAC,2020-02-25T16:26:42.000+0000,0051k000002Vkr6AAC,2020-02-25T16:26:42.000+0000,,a061k000002pg6qAAA,a001k000002gG1QAAU,
a031k000002XbT5AAK,,TR-00065,2020-02-25T16:26:42.000+0000,0051k000002Vkr6AAC,2020-02-25T16:26:42.000+0000,0051k000002Vkr6AAC,2020-02-25T16:26:42.000+0000,,a061k000002pg6rAAA,a001k000002gG1QAAU,
a031k000002XbT6AAK,,TR-00066,2020-02-25T16:26:42.000+0000,0051k000002Vkr6AAC,2020-02-25T16:26:42.000+0000,0051k000002Vkr6AAC,2020-02-25T16:26:42.000+0000,,a061k000002pg6sAAA,a001k000002gG1QAAU,
a031k000002XbT7AAK,,TR-00067,2020-02-25T16:26:42.000+0000,0051k000002Vkr6AAC,2020-02-25T16:26:42.000+0000,0051k000002Vkr6AAC,2020-02-25T16:26:42.000+0000,,a061k000002pg6tAAA,a001k000002gG1QAAU,
a031k000002XbT8AAK,,TR-00068,2020-02-25T16:26:42.000+0000,0051k000002Vkr6AAC,2020-02-25T16:26:42.000+0000,0051k000002Vkr6AAC,2020-02-25T16:26:42.000+0000,,a061k000002pg6uAAA,a001k000002gG1QAAU,
a031k000002XbT9AAK,,TR-00069,2020-02-25T16:26:42.000+0000,0051k000002Vkr6AAC,2020-02-25T16:26:42.000+0000,0051k000002Vkr6AAC,2020-02-25T16:26:42.000+0000,,a061k000002pg6vAAA,a001k000002gG1QAAU,
a031k000002XbTAAA0,,TR-00070,2020-02-25T16:26:42.000+0000,0051k000002Vkr6AAC,2020-02-25T16:26:42.000+0000,0051k000002Vkr6AAC,2020-02-25T16:26:42.000+0000,,a061k000002pg6wAAA,a001k000002gG1QAAU,
a031k000002XbTBAA0,,TR-00071,2020-02-25T16:26:42.000+0000,0051k000002Vkr6AAC,2020-02-25T16:26:42.000+0000,0051k000002Vkr6AAC,2020-02-25T16:26:42.000+0000,,a061k000002pg6xAAA,a001k000002gG1QAAU,
a031k000002XbTCAA0,,TR-00072,2020-02-25T16:26:42.000+0000,0051k000002Vkr6AAC,2020-02-25T16:26:42.000+0000,0051k000002Vkr6AAC,2020-02-25T16:26:42.000+0000,,a061k000002pg6yAAA,a001k000002gG1QAAU,
a031k000002XbTDAA0,,TR-00073,2020-02-25T16:26:42.000+0000,0051k000002Vkr6AAC,2020-02-25T16:26:42.000+0000,0051k000002Vkr6AAC,2020-02-25T16:26:42.000+0000,,a061k000002pg6zAAA,a001k000002gG1QAAU,
a031k000002XbTEAA0,,TR-00074,2020-02-25T16:26:42.000+0000,0051k000002Vkr6AAC,2020-02-25T16:26:42.000+0000,0051k000002Vkr6AAC,2020-02-25T16:26:42.000+0000,,a061k000002pg70AAA,a001k000002gG1QAAU,
a031k000002XbTFAA0,,TR-00075,2020-02-25T16:26:42.000+0000,0051k000002Vkr6AAC,2020-02-25T16:26:42.000+0000,0051k000002Vkr6AAC,2020-02-25T16:26:42.000+0000,,a061k000002pg71AAA,a001k000002gG1QAAU,
a031k000002XbTGAA0,,TR-00076,2020-02-25T16:26:42.000+0000,0051k000002Vkr6AAC,2020-02-25T16:26:42.000+0000,0051k000002Vkr6AAC,2020-02-25T16:26:42.000+0000,,a061k000002pg72AAA,a001k000002gG1QAAU,
a031k000002XbTHAA0,,TR-00077,2020-02-25T16:26:42.000+0000,0051k000002Vkr6AAC,2020-02-25T16:26:42.000+0000,0051k000002Vkr6AAC,2020-02-25T16:26:42.000+0000,,a061k000002pg73AAA,a001k000002gG1QAAU,
a031k000002XbTIAA0,,TR-00078,2020-02-25T16:26:42.000+0000,0051k000002Vkr6AAC,2020-02-25T16:26:42.000+0000,0051k000002Vkr6AAC,2020-02-25T16:26:42.000+0000,,a061k000002pg74AAA,a001k000002gG1QAAU,
a031k000002XbTJAA0,,TR-00079,2020-02-25T16:26:42.000+0000,0051k000002Vkr6AAC,2020-02-25T16:26:42.000+0000,0051k000002Vkr6AAC,2020-02-25T16:26:42.000+0000,,a061k000002pg75AAA,a001k000002gG1QAAU,
a031k000002XbTKAA0,,TR-00080,2020-02-25T16:26:42.000+0000,0051k000002Vkr6AAC,2020-02-25T16:26:42.000+0000,0051k000002Vkr6AAC,2020-02-25T16:26:42.000+0000,,a061k000002pg76AAA,a001k000002gG1QAAU,
a031k000002XbTLAA0,,TR-00081,2020-02-25T16:26:42.000+0000,0051k000002Vkr6AAC,2020-02-25T16:26:42.000+0000,0051k000002Vkr6AAC,2020-02-25T16:26:42.000+0000,,a061k000002pg77AAA,a001k000002gG1QAAU,
a031k000002XbTMAA0,,TR-00082,2020-02-25T16:26:42.000+0000,0051k000002Vkr6AAC,2020-02-25T16:26:42.000+0000,0051k000002Vkr6AAC,2020-02-25T16:26:42.000+0000,,a061k000002pg78AAA,a001k000002gG1QAAU,
a031k000002XbTNAA0,,TR-00083,2020-02-25T16:26:42.000+0000,0051k000002Vkr6AAC,2020-02-25T16:26:42.000+0000,0051k000002Vkr6AAC,2020-02-25T16:26:42.000+0000,,a061k000002pg79AAA,a001k000002gG1QAAU,
a031k000002XbTOAA0,,TR-00084,2020-02-25T16:26:42.000+0000,0051k000002Vkr6AAC,2020-02-25T16:26:42.000+0000,0051k000002Vkr6AAC,2020-02-25T16:26:42.000+0000,,a061k000002pg7AAAQ,a001k000002gG1QAAU,
a031k000002XbTPAA0,,TR-00085,2020-02-25T16:26:42.000+0000,0051k000002Vkr6AAC,2020-02-25T16:26:42.000+0000,0051k000002Vkr6AAC,2020-02-25T16:26:42.000+0000,,a061k000002pg7BAAQ,a001k000002gG1QAAU,
a031k000002XbTQAA0,,TR-00086,2020-02-25T16:26:42.000+0000,0051k000002Vkr6AAC,2020-02-25T16:26:42.000+0000,0051k000002Vkr6AAC,2020-02-25T16:26:42.000+0000,,a061k000002pg7CAAQ,a001k000002gG1QAAU,
a031k000002XbTRAA0,,TR-00087,2020-02-25T16:26:42.000+0000,0051k000002Vkr6AAC,2020-02-25T16:26:42.000+0000,0051k000002Vkr6AAC,2020-02-25T16:26:42.000+0000,,a061k000002pg7DAAQ,a001k000002gG1QAAU,
a031k000002XbTSAA0,,TR-00088,2020-02-25T16:26:42.000+0000,0051k000002Vkr6AAC,2020-02-25T16:26:42.000+0000,0051k000002Vkr6AAC,2020-02-25T16:26:42.000+0000,,a061k000002pg7EAAQ,a001k000002gG1QAAU,
a031k000002XbTTAA0,,TR-00089,2020-02-25T16:26:42.000+0000,0051k000002Vkr6AAC,2020-02-25T16:26:42.000+0000,0051k000002Vkr6AAC,2020-02-25T16:26:42.000+0000,,a061k000002pg7FAAQ,a001k000002gG1QAAU,
a031k000002XbTUAA0,,TR-00090,2020-02-25T16:26:42.000+0000,0051k000002Vkr6AAC,2020-02-25T16:26:42.000+0000,0051k000002Vkr6AAC,2020-02-25T16:26:42.000+0000,,a061k000002pg7GAAQ,a001k000002gG1QAAU,
a031k000002XbTVAA0,,TR-00091,2020-02-25T16:26:42.000+0000,0051k000002Vkr6AAC,2020-02-25T16:26:42.000+0000,0051k000002Vkr6AAC,2020-02-25T16:26:42.000+0000,,a061k000002pg7HAAQ,a001k000002gG1QAAU,
a031k000002XbTWAA0,,TR-00092,2020-02-25T16:26:42.000+0000,0051k000002Vkr6AAC,2020-02-25T16:26:42.000+0000,0051k000002Vkr6AAC,2020-02-25T16:26:42.000+0000,,a061k000002pg7IAAQ,a001k000002gG1QAAU,
a031k000002XbTXAA0,,TR-00093,2020-02-25T16:26:42.000+0000,0051k000002Vkr6AAC,2020-02-25T16:26:42.000+0000,0051k000002Vkr6AAC,2020-02-25T16:26:42.000+0000,,a061k000002pg7JAAQ,a001k000002gG1QAAU,
a031k000002XbTYAA0,,TR-00094,2020-02-25T16:26:42.000+0000,0051k000002Vkr6AAC,2020-02-25T16:26:42.000+0000,0051k000002Vkr6AAC,2020-02-25T16:26:42.000+0000,,a061k000002pg7KAAQ,a001k000002gG1QAAU,
a031k000002XbTZAA0,,TR-00095,2020-02-25T16:26:42.000+0000,0051k000002Vkr6AAC,2020-02-25T16:26:42.000+0000,0051k000002Vkr6AAC,2020-02-25T16:26:42.000+0000,,a061k000002pg7LAAQ,a001k000002gG1QAAU,
a031k000002XbTaAAK,,TR-00096,2020-02-25T16:26:42.000+0000,0051k000002Vkr6AAC,2020-02-25T16:26:42.000+0000,0051k000002Vkr6AAC,2020-02-25T16:26:42.000+0000,,a061k000002pg7MAAQ,a001k000002gG1QAAU,
a031k000002XbTbAAK,,TR-00097,2020-02-25T16:26:42.000+0000,0051k000002Vkr6AAC,2020-02-25T16:26:42.000+0000,0051k000002Vkr6AAC,2020-02-25T16:26:42.000+0000,,a061k000002pg7NAAQ,a001k000002gG1QAAU,
a031k000002XbTcAAK,,TR-00098,2020-02-25T16:26:42.000+0000,0051k000002Vkr6AAC,2020-02-25T16:26:42.000+0000,0051k000002Vkr6AAC,2020-02-25T16:26:42.000+0000,,a061k000002pg7OAAQ,a001k000002gG1QAAU,
a031k000002XbTdAAK,,TR-00099,2020-02-25T16:26:42.000+0000,0051k000002Vkr6AAC,2020-02-25T16:26:42.000+0000,0051k000002Vkr6AAC,2020-02-25T16:26:42.000+0000,,a061k000002pg7PAAQ,a001k000002gG1QAAU,
a031k000002XbTeAAK,,TR-00100,2020-02-25T16:26:42.000+0000,0051k000002Vkr6AAC,2020-02-25T16:26:42.000+0000,0051k000002Vkr6AAC,2020-02-25T16:26:42.000+0000,,a061k000002pg7QAAQ,a001k000002gG1QAAU,
a031k000002XbTfAAK,,TR-00101,2020-02-25T16:26:42.000+0000,0051k000002Vkr6AAC,2020-02-25T16:26:42.000+0000,0051k000002Vkr6AAC,2020-02-25T16:26:42.000+0000,,a061k000002pg7RAAQ,a001k000002gG1QAAU,
a031k000002XbTgAAK,,TR-00102,2020-02-25T16:26:42.000+0000,0051k000002Vkr6AAC,2020-02-25T16:26:42.000+0000,0051k000002Vkr6AAC,2020-02-25T16:26:42.000+0000,,a061k000002pg7SAAQ,a001k000002gG1QAAU,
a031k000002XbThAAK,,TR-00103,2020-02-25T16:26:42.000+0000,0051k000002Vkr6AAC,2020-02-25T16:26:42.000+0000,0051k000002Vkr6AAC,2020-02-25T16:26:42.000+0000,,a061k000002pg7TAAQ,a001k000002gG1QAAU,
a031k000002XbTiAAK,,TR-00104,2020-02-25T16:26:42.000+0000,0051k000002Vkr6AAC,2020-02-25T16:26:42.000+0000,0051k000002Vkr6AAC,2020-02-25T16:26:42.000+0000,,a061k000002pg7UAAQ,a001k000002gG1QAAU,
a031k000002XbTjAAK,,TR-00105,2020-02-25T16:26:42.000+0000,0051k000002Vkr6AAC,2020-02-25T16:26:42.000+0000,0051k000002Vkr6AAC,2020-02-25T16:26:42.000+0000,,a061k000002pg7VAAQ,a001k000002gG1QAAU,
a031k000002XbTkAAK,,TR-00106,2020-02-25T16:26:42.000+0000,0051k000002Vkr6AAC,2020-02-25T16:26:42.000+0000,0051k000002Vkr6AAC,2020-02-25T16:26:42.000+0000,,a061k000002pg7WAAQ,a001k000002gG1QAAU,
a031k000002XbTlAAK,,TR-00107,2020-02-25T16:26:42.000+0000,0051k000002Vkr6AAC,2020-02-25T16:26:42.000+0000,0051k000002Vkr6AAC,2020-02-25T16:26:42.000+0000,,a061k000002pg6iAAA,a001k000002gG1YAAU,
a031k000002XbTmAAK,,TR-00108,2020-02-25T16:26:42.000+0000,0051k000002Vkr6AAC,2020-02-25T16:26:42.000+0000,0051k000002Vkr6AAC,2020-02-25T16:26:42.000+0000,,a061k000002pg7XAAQ,a001k000002gG1LAAU,
a031k000002XbTnAAK,,TR-00109,2020-02-25T16:26:42.000+0000,0051k000002Vkr6AAC,2020-02-25T16:26:42.000+0000,0051k000002Vkr6AAC,2020-02-25T16:26:42.000+0000,,a061k000002pg6gAAA,a001k000002gG1WAAU,
a031k000002XbToAAK,,TR-00110,2020-02-25T16:26:42.000+0000,0051k000002Vkr6AAC,2020-02-25T16:26:42.000+0000,0051k000002Vkr6AAC,2020-02-25T16:26:42.000+0000,,a061k000002pg6hAAA,a001k000002gG1RAAU,
a031k000002XbTpAAK,,TR-00111,2020-02-25T16:26:42.000+0000,0051k000002Vkr6AAC,2020-02-25T16:26:42.000+0000,0051k000002Vkr6AAC,2020-02-25T16:26:42.000+0000,,a061k000002pg6iAAA,a001k000002gG1RAAU,
a031k000002XbTqAAK,,TR-00112,2020-02-25T16:26:42.000+0000,0051k000002Vkr6AAC,2020-02-25T16:26:42.000+0000,0051k000002Vkr6AAC,2020-02-25T16:26:42.000+0000,,a061k000002pg6jAAA,a001k000002gG1RAAU,
a031k000002XbTrAAK,,TR-00113,2020-02-25T16:26:42.000+0000,0051k000002Vkr6AAC,2020-02-25T16:26:42.000+0000,0051k000002Vkr6AAC,2020-02-25T16:26:42.000+0000,,a061k000002pg6kAAA,a001k000002gG1RAAU,
a031k000002XbTsAAK,,TR-00114,2020-02-25T16:26:42.000+0000,0051k000002Vkr6AAC,2020-02-25T16:26:42.000+0000,0051k000002Vkr6AAC,2020-02-25T16:26:42.000+0000,,a061k000002pg6lAAA,a001k000002gG1RAAU,
a031k000002XbTtAAK,,TR-00115,2020-02-25T16:26:42.000+0000,0051k000002Vkr6AAC,2020-02-25T16:26:42.000+0000,0051k000002Vkr6AAC,2020-02-25T16:26:42.000+0000,,a061k000002pg6mAAA,a001k000002gG1RAAU,
a031k000002XbTuAAK,,TR-00116,2020-02-25T16:26:42.000+0000,0051k000002Vkr6AAC,2020-02-25T16:26:42.000+0000,0051k000002Vkr6AAC,2020-02-25T16:26:42.000+0000,,a061k000002pg6nAAA,a001k000002gG1RAAU,
a031k000002XbTvAAK,,TR-00117,2020-02-25T16:26:42.000+0000,0051k000002Vkr6AAC,2020-02-25T16:26:42.000+0000,0051k000002Vkr6AAC,2020-02-25T16:26:42.000+0000,,a061k000002pg6oAAA,a001k000002gG1RAAU,
a031k000002XbTwAAK,,TR-00118,2020-02-25T16:26:42.000+0000,0051k000002Vkr6AAC,2020-02-25T16:26:42.000+0000,0051k000002Vkr6AAC,2020-02-25T16:26:42.000+0000,,a061k000002pg6pAAA,a001k000002gG1RAAU,
a031k000002XbTxAAK,,TR-00119,2020-02-25T16:26:42.000+0000,0051k000002Vkr6AAC,2020-02-25T16:26:42.000+0000,0051k000002Vkr6AAC,2020-02-25T16:26:42.000+0000,,a061k000002pg6qAAA,a001k000002gG1RAAU,
a031k000002XbTyAAK,,TR-00120,2020-02-25T16:26:42.000+0000,0051k000002Vkr6AAC,2020-02-25T16:26:42.000+0000,0051k000002Vkr6AAC,2020-02-25T16:26:42.000+0000,,a061k000002pg6rAAA,a001k000002gG1RAAU,
a031k000002XbTzAAK,,TR-00121,2020-02-25T16:26:42.000+0000,0051k000002Vkr6AAC,2020-02-25T16:26:42.000+0000,0051k000002Vkr6AAC,2020-02-25T16:26:42.000+0000,,a061k000002pg6sAAA,a001k000002gG1RAAU,
a031k000002XbU0AAK,,TR-00122,2020-02-25T16:26:42.000+0000,0051k000002Vkr6AAC,2020-02-25T16:26:42.000+0000,0051k000002Vkr6AAC,2020-02-25T16:26:42.000+0000,,a061k000002pg6tAAA,a001k000002gG1RAAU,
a031k000002XbU1AAK,,TR-00123,2020-02-25T16:26:42.000+0000,0051k000002Vkr6AAC,2020-02-25T16:26:42.000+0000,0051k000002Vkr6AAC,2020-02-25T16:26:42.000+0000,,a061k000002pg6uAAA,a001k000002gG1RAAU,
a031k000002XbU2AAK,,TR-00124,2020-02-25T16:26:42.000+0000,0051k000002Vkr6AAC,2020-02-25T16:26:42.000+0000,0051k000002Vkr6AAC,2020-02-25T16:26:42.000+0000,,a061k000002pg6vAAA,a001k000002gG1RAAU,
a031k000002XbU3AAK,,TR-00125,2020-02-25T16:26:42.000+0000,0051k000002Vkr6AAC,2020-02-25T16:26:42.000+0000,0051k000002Vkr6AAC,2020-02-25T16:26:42.000+0000,,a061k000002pg6wAAA,a001k000002gG1RAAU,
a031k000002XbU4AAK,,TR-00126,2020-02-25T16:26:42.000+0000,0051k000002Vkr6AAC,2020-02-25T16:26:42.000+0000,0051k000002Vkr6AAC,2020-02-25T16:26:42.000+0000,,a061k000002pg6xAAA,a001k000002gG1RAAU,
a031k000002XbU5AAK,,TR-00127,2020-02-25T16:26:42.000+0000,0051k000002Vkr6AAC,2020-02-25T16:26:42.000+0000,0051k000002Vkr6AAC,2020-02-25T16:26:42.000+0000,,a061k000002pg6yAAA,a001k000002gG1RAAU,
a031k000002XbU6AAK,,TR-00128,2020-02-25T16:26:42.000+0000,0051k000002Vkr6AAC,2020-02-25T16:26:42.000+0000,0051k000002Vkr6AAC,2020-02-25T16:26:42.000+0000,,a061k000002pg6zAAA,a001k000002gG1RAAU,
a031k000002XbU7AAK,,TR-00129,2020-02-25T16:26:42.000+0000,0051k000002Vkr6AAC,2020-02-25T16:26:42.000+0000,0051k000002Vkr6AAC,2020-02-25T16:26:42.000+0000,,a061k000002pg70AAA,a001k000002gG1RAAU,
a031k000002XbU8AAK,,TR-00130,2020-02-25T16:26:42.000+0000,0051k000002Vkr6AAC,2020-02-25T16:26:42.000+0000,0051k000002Vkr6AAC,2020-02-25T16:26:42.000+0000,,a061k000002pg71AAA,a001k000002gG1RAAU,
a031k000002XbU9AAK,,TR-00131,2020-02-25T16:26:42.000+0000,0051k000002Vkr6AAC,2020-02-25T16:26:42.000+0000,0051k000002Vkr6AAC,2020-02-25T16:26:42.000+0000,,a061k000002pg72AAA,a001k000002gG1RAAU,
a031k000002XbUAAA0,,TR-00132,2020-02-25T16:26:42.000+0000,0051k000002Vkr6AAC,2020-02-25T16:26:42.000+0000,0051k000002Vkr6AAC,2020-02-25T16:26:42.000+0000,,a061k000002pg73AAA,a001k000002gG1RAAU,
a031k000002XbUBAA0,,TR-00133,2020-02-25T16:26:42.000+0000,0051k000002Vkr6AAC,2020-02-25T16:26:42.000+0000,0051k000002Vkr6AAC,2020-02-25T16:26:42.000+0000,,a061k000002pg74AAA,a001k000002gG1RAAU,
a031k000002XbUCAA0,,TR-00134,2020-02-25T16:26:42.000+0000,0051k000002Vkr6AAC,2020-02-25T16:26:42.000+0000,0051k000002Vkr6AAC,2020-02-25T16:26:42.000+0000,,a061k000002pg75AAA,a001k000002gG1RAAU,
a031k000002XbUDAA0,,TR-00135,2020-02-25T16:26:42.000+0000,0051k000002Vkr6AAC,2020-02-25T16:26:42.000+0000,0051k000002Vkr6AAC,2020-02-25T16:26:42.000+0000,,a061k000002pg76AAA,a001k000002gG1RAAU,
a031k000002XbUEAA0,,TR-00136,2020-02-25T16:26:42.000+0000,0051k000002Vkr6AAC,2020-02-25T16:26:42.000+0000,0051k000002Vkr6AAC,2020-02-25T16:26:42.000+0000,,a061k000002pg77AAA,a001k000002gG1RAAU,
a031k000002XbUFAA0,,TR-00137,2020-02-25T16:26:42.000+0000,0051k000002Vkr6AAC,2020-02-25T16:26:42.000+0000,0051k000002Vkr6AAC,2020-02-25T16:26:42.000+0000,,a061k000002pg78AAA,a001k000002gG1RAAU,
a031k000002XbUGAA0,,TR-00138,2020-02-25T16:26:42.000+0000,0051k000002Vkr6AAC,2020-02-25T16:26:42.000+0000,0051k000002Vkr6AAC,2020-02-25T16:26:42.000+0000,,a061k000002pg79AAA,a001k000002gG1RAAU,
a031k000002XbUHAA0,,TR-00139,2020-02-25T16:26:42.000+0000,0051k000002Vkr6AAC,2020-02-25T16:26:42.000+0000,0051k000002Vkr6AAC,2020-02-25T16:26:42.000+0000,,a061k000002pg7AAAQ,a001k000002gG1RAAU,
a031k000002XbUIAA0,,TR-00140,2020-02-25T16:26:42.000+0000,0051k000002Vkr6AAC,2020-02-25T16:26:42.000+0000,0051k000002Vkr6AAC,2020-02-25T16:26:42.000+0000,,a061k000002pg7BAAQ,a001k000002gG1RAAU,
a031k000002XbUJAA0,,TR-00141,2020-02-25T16:26:42.000+0000,0051k000002Vkr6AAC,2020-02-25T16:26:42.000+0000,0051k000002Vkr6AAC,2020-02-25T16:26:42.000+0000,,a061k000002pg7CAAQ,a001k000002gG1RAAU,
a031k000002XbUKAA0,,TR-00142,2020-02-25T16:26:42.000+0000,0051k000002Vkr6AAC,2020-02-25T16:26:42.000+0000,0051k000002Vkr6AAC,2020-02-25T16:26:42.000+0000,,a061k000002pg7DAAQ,a001k000002gG1RAAU,
a031k000002XbULAA0,,TR-00143,2020-02-25T16:26:42.000+0000,0051k000002Vkr6AAC,2020-02-25T16:26:42.000+0000,0051k000002Vkr6AAC,2020-02-25T16:26:42.000+0000,,a061k000002pg7EAAQ,a001k000002gG1RAAU,
a031k000002XbUMAA0,,TR-00144,2020-02-25T16:26:42.000+0000,0051k000002Vkr6AAC,2020-02-25T16:26:42.000+0000,0051k000002Vkr6AAC,2020-02-25T16:26:42.000+0000,,a061k000002pg7FAAQ,a001k000002gG1RAAU,
a031k000002XbUNAA0,,TR-00145,2020-02-25T16:26:42.000+0000,0051k000002Vkr6AAC,2020-02-25T16:26:42.000+0000,0051k000002Vkr6AAC,2020-02-25T16:26:42.000+0000,,a061k000002pg7GAAQ,a001k000002gG1RAAU,
a031k000002XbUOAA0,,TR-00146,2020-02-25T16:26:42.000+0000,0051k000002Vkr6AAC,2020-02-25T16:26:42.000+0000,0051k000002Vkr6AAC,2020-02-25T16:26:42.000+0000,,a061k000002pg7HAAQ,a001k000002gG1RAAU,
a031k000002XbUPAA0,,TR-00147,2020-02-25T16:26:42.000+0000,0051k000002Vkr6AAC,2020-02-25T16:26:42.000+0000,0051k000002Vkr6AAC,2020-02-25T16:26:42.000+0000,,a061k000002pg7IAAQ,a001k000002gG1RAAU,
a031k000002XbUQAA0,,TR-00148,2020-02-25T16:26:42.000+0000,0051k000002Vkr6AAC,2020-02-25T16:26:42.000+0000,0051k000002Vkr6AAC,2020-02-25T16:26:42.000+0000,,a061k000002pg7JAAQ,a001k000002gG1RAAU,
a031k000002XbURAA0,,TR-00149,2020-02-25T16:26:42.000+0000,0051k000002Vkr6AAC,2020-02-25T16:26:42.000+0000,0051k000002Vkr6AAC,2020-02-25T16:26:42.000+0000,,a061k000002pg7KAAQ,a001k000002gG1RAAU,
a031k000002XbUSAA0,,TR-00150,2020-02-25T16:26:42.000+0000,0051k000002Vkr6AAC,2020-02-25T16:26:42.000+0000,0051k000002Vkr6AAC,2020-02-25T16:26:42.000+0000,,a061k000002pg7LAAQ,a001k000002gG1RAAU,
a031k000002XbUTAA0,,TR-00151,2020-02-25T16:26:42.000+0000,0051k000002Vkr6AAC,2020-02-25T16:26:42.000+0000,0051k000002Vkr6AAC,2020-02-25T16:26:42.000+0000,,a061k000002pg7MAAQ,a001k000002gG1RAAU,
a031k000002XbUUAA0,,TR-00152,2020-02-25T16:26:42.000+0000,0051k000002Vkr6AAC,2020-02-25T16:26:42.000+0000,0051k000002Vkr6AAC,2020-02-25T16:26:42.000+0000,,a061k000002pg7NAAQ,a001k000002gG1RAAU,
a031k000002XbUVAA0,,TR-00153,2020-02-25T16:26:42.000+0000,0051k000002Vkr6AAC,2020-02-25T16:26:42.000+0000,0051k000002Vkr6AAC,2020-02-25T16:26:42.000+0000,,a061k000002pg7OAAQ,a001k000002gG1RAAU,
a031k000002XbUWAA0,,TR-00154,2020-02-25T16:26:42.000+0000,0051k000002Vkr6AAC,2020-02-25T16:26:42.000+0000,0051k000002Vkr6AAC,2020-02-25T16:26:42.000+0000,,a061k000002pg7PAAQ,a001k000002gG1RAAU,
a031k000002XbUXAA0,,TR-00155,2020-02-25T16:26:42.000+0000,0051k000002Vkr6AAC,2020-02-25T16:26:42.000+0000,0051k000002Vkr6AAC,2020-02-25T16:26:42.000+0000,,a061k000002pg7QAAQ,a001k000002gG1RAAU,
a031k000002XbUYAA0,,TR-00156,2020-02-25T16:26:42.000+0000,0051k000002Vkr6AAC,2020-02-25T16:26:42.000+0000,0051k000002Vkr6AAC,2020-02-25T16:26:42.000+0000,,a061k000002pg7RAAQ,a001k000002gG1RAAU,
a031k000002XbUZAA0,,TR-00157,2020-02-25T16:26:42.000+0000,0051k000002Vkr6AAC,2020-02-25T16:26:42.000+0000,0051k000002Vkr6AAC,2020-02-25T16:26:42.000+0000,,a061k000002pg7SAAQ,a001k000002gG1RAAU,
a031k000002XbUaAAK,,TR-00158,2020-02-25T16:26:42.000+0000,0051k000002Vkr6AAC,2020-02-25T16:26:42.000+0000,0051k000002Vkr6AAC,2020-02-25T16:26:42.000+0000,,a061k000002pg7TAAQ,a001k000002gG1RAAU,
a031k000002XbUbAAK,,TR-00159,2020-02-25T16:26:42.000+0000,0051k000002Vkr6AAC,2020-02-25T16:26:42.000+0000,0051k000002Vkr6AAC,2020-02-25T16:26:42.000+0000,,a061k000002pg7UAAQ,a001k000002gG1RAAU,
a031k000002XbUcAAK,,TR-00160,2020-02-25T16:26:42.000+0000,0051k000002Vkr6AAC,2020-02-25T16:26:42.000+0000,0051k000002Vkr6AAC,2020-02-25T16:26:42.000+0000,,a061k000002pg7VAAQ,a001k000002gG1RAAU,
a031k000002XbUdAAK,,TR-00161,2020-02-25T16:26:42.000+0000,0051k000002Vkr6AAC,2020-02-25T16:26:42.000+0000,0051k000002Vkr6AAC,2020-02-25T16:26:42.000+0000,,a061k000002pg7WAAQ,a001k000002gG1RAAU,
a031k000002XbUeAAK,,TR-00162,2020-02-25T16:26:42.000+0000,0051k000002Vkr6AAC,2020-02-25T16:26:42.000+0000,0051k000002Vkr6AAC,2020-02-25T16:26:42.000+0000,,a061k000002pg7YAAQ,a001k000002gG1RAAU,
a031k000002XbUfAAK,,TR-00163,2020-02-25T16:26:42.000+0000,0051k000002Vkr6AAC,2020-02-25T16:26:42.000+0000,0051k000002Vkr6AAC,2020-02-25T16:26:42.000+0000,,a061k000002pg7PAAQ,a001k000002gG1iAAE,
a031k000002XbUgAAK,,TR-00164,2020-02-25T16:26:42.000+0000,0051k000002Vkr6AAC,2020-02-25T16:26:42.000+0000,0051k000002Vkr6AAC,2020-02-25T16:26:42.000+0000,,a061k000002pg7CAAQ,a001k000002gG1gAAE,
a031k000002XbUhAAK,,TR-00165,2020-02-25T16:26:42.000+0000,0051k000002Vkr6AAC,2020-02-25T16:26:42.000+0000,0051k000002Vkr6AAC,2020-02-25T16:26:42.000+0000,,a061k000002pg76AAA,a001k000002gG1dAAE,
a031k000002XbUiAAK,,TR-00166,2020-02-25T16:26:42.000+0000,0051k000002Vkr6AAC,2020-02-25T16:26:42.000+0000,0051k000002Vkr6AAC,2020-02-25T16:26:42.000+0000,,a061k000002pg6gAAA,a001k000002gG1XAAU,
a031k000002XbUjAAK,,TR-00167,2020-02-25T16:26:42.000+0000,0051k000002Vkr6AAC,2020-02-25T16:26:42.000+0000,0051k000002Vkr6AAC,2020-02-25T16:26:42.000+0000,,a061k000002pg6gAAA,a001k000002gG1VAAU,
a031k000002XbUkAAK,,TR-00168,2020-02-25T16:26:42.000+0000,0051k000002Vkr6AAC,2020-02-25T16:26:42.000+0000,0051k000002Vkr6AAC,2020-02-25T16:26:42.000+0000,,a061k000002pg6gAAA,a001k000002gG1cAAE,
a031k000002XbUlAAK,,TR-00169,2020-02-25T16:26:42.000+0000,0051k000002Vkr6AAC,2020-02-25T16:26:42.000+0000,0051k000002Vkr6AAC,2020-02-25T16:26:42.000+0000,,a061k000002pg6hAAA,a001k000002gG1MAAU,
a031k000002XbUmAAK,,TR-00170,2020-02-25T16:26:42.000+0000,0051k000002Vkr6AAC,2020-02-25T16:26:42.000+0000,0051k000002Vkr6AAC,2020-02-25T16:26:42.000+0000,,a061k000002pg6iAAA,a001k000002gG1MAAU,
a031k000002XbUnAAK,,TR-00171,2020-02-25T16:26:42.000+0000,0051k000002Vkr6AAC,2020-02-25T16:26:42.000+0000,0051k000002Vkr6AAC,2020-02-25T16:26:42.000+0000,,a061k000002pg6jAAA,a001k000002gG1MAAU,
a031k000002XbUoAAK,,TR-00172,2020-02-25T16:26:42.000+0000,0051k000002Vkr6AAC,2020-02-25T16:26:42.000+0000,0051k000002Vkr6AAC,2020-02-25T16:26:42.000+0000,,a061k000002pg6kAAA,a001k000002gG1MAAU,
a031k000002XbUpAAK,,TR-00173,2020-02-25T16:26:42.000+0000,0051k000002Vkr6AAC,2020-02-25T16:26:42.000+0000,0051k000002Vkr6AAC,2020-02-25T16:26:42.000+0000,,a061k000002pg6lAAA,a001k000002gG1MAAU,
a031k000002XbUqAAK,,TR-00174,2020-02-25T16:26:42.000+0000,0051k000002Vkr6AAC,2020-02-25T16:26:42.000+0000,0051k000002Vkr6AAC,2020-02-25T16:26:42.000+0000,,a061k000002pg6mAAA,a001k000002gG1MAAU,
a031k000002XbUrAAK,,TR-00175,2020-02-25T16:26:42.000+0000,0051k000002Vkr6AAC,2020-02-25T16:26:42.000+0000,0051k000002Vkr6AAC,2020-02-25T16:26:42.000+0000,,a061k000002pg6nAAA,a001k000002gG1MAAU,
a031k000002XbUsAAK,,TR-00176,2020-02-25T16:26:42.000+0000,0051k000002Vkr6AAC,2020-02-25T16:26:42.000+0000,0051k000002Vkr6AAC,2020-02-25T16:26:42.000+0000,,a061k000002pg6oAAA,a001k000002gG1MAAU,
a031k000002XbUtAAK,,TR-00177,2020-02-25T16:26:42.000+0000,0051k000002Vkr6AAC,2020-02-25T16:26:42.000+0000,0051k000002Vkr6AAC,2020-02-25T16:26:42.000+0000,,a061k000002pg6pAAA,a001k000002gG1MAAU,
a031k000002XbUuAAK,,TR-00178,2020-02-25T16:26:42.000+0000,0051k000002Vkr6AAC,2020-02-25T16:26:42.000+0000,0051k000002Vkr6AAC,2020-02-25T16:26:42.000+0000,,a061k000002pg6gAAA,a001k000002gG1OAAU,
a031k000002XbUvAAK,,TR-00179,2020-02-25T16:26:42.000+0000,0051k000002Vkr6AAC,2020-02-25T16:26:42.000+0000,0051k000002Vkr6AAC,2020-02-25T16:26:42.000+0000,,a061k000002pg6zAAA,a001k000002gG1KAAU,
a031k000002XbUwAAK,,TR-00180,2020-02-25T16:26:42.000+0000,0051k000002Vkr6AAC,2020-02-25T16:26:42.000+0000,0051k000002Vkr6AAC,2020-02-25T16:26:42.000+0000,,a061k000002pg6qAAA,a001k000002gG1MAAU,
a031k000002XbUxAAK,,TR-00181,2020-02-25T16:26:42.000+0000,0051k000002Vkr6AAC,2020-02-25T16:26:42.000+0000,0051k000002Vkr6AAC,2020-02-25T16:26:42.000+0000,,a061k000002pg6rAAA,a001k000002gG1MAAU,
a031k000002XbUyAAK,,TR-00182,2020-02-25T16:26:42.000+0000,0051k000002Vkr6AAC,2020-02-25T16:26:42.000+0000,0051k000002Vkr6AAC,2020-02-25T16:26:42.000+0000,,a061k000002pg6sAAA,a001k000002gG1MAAU,
a031k000002XbUzAAK,,TR-00183,2020-02-25T16:26:42.000+0000,0051k000002Vkr6AAC,2020-02-25T16:26:42.000+0000,0051k000002Vkr6AAC,2020-02-25T16:26:42.000+0000,,a061k000002pg6tAAA,a001k000002gG1MAAU,
a031k000002XbV0AAK,,TR-00184,2020-02-25T16:26:42.000+0000,0051k000002Vkr6AAC,2020-02-25T16:26:42.000+0000,0051k000002Vkr6AAC,2020-02-25T16:26:42.000+0000,,a061k000002pg6uAAA,a001k000002gG1MAAU,
a031k000002XbV1AAK,,TR-00185,2020-02-25T16:26:42.000+0000,0051k000002Vkr6AAC,2020-02-25T16:26:42.000+0000,0051k000002Vkr6AAC,2020-02-25T16:26:42.000+0000,,a061k000002pg6vAAA,a001k000002gG1MAAU,
a031k000002XbV2AAK,,TR-00186,2020-02-25T16:26:42.000+0000,0051k000002Vkr6AAC,2020-02-25T16:26:42.000+0000,0051k000002Vkr6AAC,2020-02-25T16:26:42.000+0000,,a061k000002pg6wAAA,a001k000002gG1MAAU,
a031k000002XbV3AAK,,TR-00187,2020-02-25T16:26:42.000+0000,0051k000002Vkr6AAC,2020-02-25T16:26:42.000+0000,0051k000002Vkr6AAC,2020-02-25T16:26:42.000+0000,,a061k000002pg6xAAA,a001k000002gG1MAAU,
a031k000002XbV4AAK,,TR-00188,2020-02-25T16:26:42.000+0000,0051k000002Vkr6AAC,2020-02-25T16:26:42.000+0000,0051k000002Vkr6AAC,2020-02-25T16:26:42.000+0000,,a061k000002pg6yAAA,a001k000002gG1MAAU,
a031k000002XbV5AAK,,TR-00189,2020-02-25T16:26:42.000+0000,0051k000002Vkr6AAC,2020-02-25T16:26:42.000+0000,0051k000002Vkr6AAC,2020-02-25T16:26:42.000+0000,,a061k000002pg6zAAA,a001k000002gG1MAAU,
a031k000002XbV6AAK,,TR-00190,2020-02-25T16:26:42.000+0000,0051k000002Vkr6AAC,2020-02-25T16:26:42.000+0000,0051k000002Vkr6AAC,2020-02-25T16:26:42.000+0000,,a061k000002pg70AAA,a001k000002gG1MAAU,
a031k000002XbV7AAK,,TR-00191,2020-02-25T16:26:42.000+0000,0051k000002Vkr6AAC,2020-02-25T16:26:42.000+0000,0051k000002Vkr6AAC,2020-02-25T16:26:42.000+0000,,a061k000002pg71AAA,a001k000002gG1MAAU,
a031k000002XbV8AAK,,TR-00192,2020-02-25T16:26:42.000+0000,0051k000002Vkr6AAC,2020-02-25T16:26:42.000+0000,0051k000002Vkr6AAC,2020-02-25T16:26:42.000+0000,,a061k000002pg72AAA,a001k000002gG1MAAU,
a031k000002XbV9AAK,,TR-00193,2020-02-25T16:26:42.000+0000,0051k000002Vkr6AAC,2020-02-25T16:26:42.000+0000,0051k000002Vkr6AAC,2020-02-25T16:26:42.000+0000,,a061k000002pg73AAA,a001k000002gG1MAAU,
a031k000002XbVAAA0,,TR-00194,2020-02-25T16:26:42.000+0000,0051k000002Vkr6AAC,2020-02-25T16:26:42.000+0000,0051k000002Vkr6AAC,2020-02-25T16:26:42.000+0000,,a061k000002pg74AAA,a001k000002gG1MAAU,
a031k000002XbVBAA0,,TR-00195,2020-02-25T16:26:42.000+0000,0051k000002Vkr6AAC,2020-02-25T16:26:42.000+0000,0051k000002Vkr6AAC,2020-02-25T16:26:42.000+0000,,a061k000002pg75AAA,a001k000002gG1MAAU,
a031k000002XbVCAA0,,TR-00196,2020-02-25T16:26:42.000+0000,0051k000002Vkr6AAC,2020-02-25T16:26:42.000+0000,0051k000002Vkr6AAC,2020-02-25T16:26:42.000+0000,,a061k000002pg76AAA,a001k000002gG1MAAU,
a031k000002XbVDAA0,,TR-00197,2020-02-25T16:26:42.000+0000,0051k000002Vkr6AAC,2020-02-25T16:26:42.000+0000,0051k000002Vkr6AAC,2020-02-25T16:26:42.000+0000,,a061k000002pg77AAA,a001k000002gG1MAAU,
a031k000002XbVEAA0,,TR-00198,2020-02-25T16:26:42.000+0000,0051k000002Vkr6AAC,2020-02-25T16:26:42.000+0000,0051k000002Vkr6AAC,2020-02-25T16:26:42.000+0000,,a061k000002pg78AAA,a001k000002gG1MAAU,
a031k000002XbVFAA0,,TR-00199,2020-02-25T16:26:42.000+0000,0051k000002Vkr6AAC,2020-02-25T16:26:42.000+0000,0051k000002Vkr6AAC,2020-02-25T16:26:42.000+0000,,a061k000002pg79AAA,a001k000002gG1MAAU,
a031k000002XrVXAA0,,TR-00227,2020-02-27T19:52:41.000+0000,0051k000002Vkr6AAC,2020-02-27T19:52:41.000+0000,0051k000002Vkr6AAC,2020-02-27T19:52:41.000+0000,,a061k000002pg6gAAA,a001k000002gQCNAA2,
a031k000002XraIAAS,,TR-00229,2020-02-28T01:10:00.000+0000,0051k000002Vkr6AAC,2020-02-28T01:10:00.000+0000,0051k000002Vkr6AAC,2020-02-28T01:10:00.000+0000,,a061k000002pg6hAAA,a001k000002gG1ZAAU,
a031k000002XraJAAS,,TR-00230,2020-02-28T01:10:00.000+0000,0051k000002Vkr6AAC,2020-02-28T01:10:00.000+0000,0051k000002Vkr6AAC,2020-02-28T01:10:00.000+0000,,a061k000002pg6iAAA,a001k000002gG1ZAAU,
a031k000002XraKAAS,,TR-00231,2020-02-28T01:10:00.000+0000,0051k000002Vkr6AAC,2020-02-28T01:10:00.000+0000,0051k000002Vkr6AAC,2020-02-28T01:10:00.000+0000,,a061k000002pg6jAAA,a001k000002gG1ZAAU,
a031k000002XraLAAS,,TR-00232,2020-02-28T01:10:00.000+0000,0051k000002Vkr6AAC,2020-02-28T01:10:00.000+0000,0051k000002Vkr6AAC,2020-02-28T01:10:00.000+0000,,a061k000002pg6kAAA,a001k000002gG1ZAAU,
a031k000002XraMAAS,,TR-00233,2020-02-28T01:10:00.000+0000,0051k000002Vkr6AAC,2020-02-28T01:10:00.000+0000,0051k000002Vkr6AAC,2020-02-28T01:10:00.000+0000,,a061k000002pg6lAAA,a001k000002gG1ZAAU,
a031k000002XraNAAS,,TR-00234,2020-02-28T01:10:00.000+0000,0051k000002Vkr6AAC,2020-02-28T01:10:00.000+0000,0051k000002Vkr6AAC,2020-02-28T01:10:00.000+0000,,a061k000002pg6mAAA,a001k000002gG1ZAAU,
a031k000002XraOAAS,,TR-00235,2020-02-28T01:10:00.000+0000,0051k000002Vkr6AAC,2020-02-28T01:10:00.000+0000,0051k000002Vkr6AAC,2020-02-28T01:10:00.000+0000,,a061k000002pg6nAAA,a001k000002gG1ZAAU,
a031k000002XraPAAS,,TR-00236,2020-02-28T01:10:00.000+0000,0051k000002Vkr6AAC,2020-02-28T01:10:00.000+0000,0051k000002Vkr6AAC,2020-02-28T01:10:00.000+0000,,a061k000002pg6oAAA,a001k000002gG1ZAAU,
a031k000002XraQAAS,,TR-00237,2020-02-28T01:10:00.000+0000,0051k000002Vkr6AAC,2020-02-28T01:10:00.000+0000,0051k000002Vkr6AAC,2020-02-28T01:10:00.000+0000,,a061k000002pg6pAAA,a001k000002gG1ZAAU,
a031k000002XraRAAS,,TR-00238,2020-02-28T01:10:00.000+0000,0051k000002Vkr6AAC,2020-02-28T01:10:00.000+0000,0051k000002Vkr6AAC,2020-02-28T01:10:00.000+0000,,a061k000002pg6qAAA,a001k000002gG1ZAAU,
a031k000002XraSAAS,,TR-00239,2020-02-28T01:10:00.000+0000,0051k000002Vkr6AAC,2020-02-28T01:10:00.000+0000,0051k000002Vkr6AAC,2020-02-28T01:10:00.000+0000,,a061k000002pg6rAAA,a001k000002gG1ZAAU,
a031k000002XraTAAS,,TR-00240,2020-02-28T01:10:00.000+0000,0051k000002Vkr6AAC,2020-02-28T01:10:00.000+0000,0051k000002Vkr6AAC,2020-02-28T01:10:00.000+0000,,a061k000002pg6sAAA,a001k000002gG1ZAAU,
a031k000002XraUAAS,,TR-00241,2020-02-28T01:10:00.000+0000,0051k000002Vkr6AAC,2020-02-28T01:10:00.000+0000,0051k000002Vkr6AAC,2020-02-28T01:10:00.000+0000,,a061k000002pg6tAAA,a001k000002gG1ZAAU,
a031k000002XraVAAS,,TR-00242,2020-02-28T01:10:00.000+0000,0051k000002Vkr6AAC,2020-02-28T01:10:00.000+0000,0051k000002Vkr6AAC,2020-02-28T01:10:00.000+0000,,a061k000002pg6uAAA,a001k000002gG1ZAAU,
a031k000002XraWAAS,,TR-00243,2020-02-28T01:10:00.000+0000,0051k000002Vkr6AAC,2020-02-28T01:10:00.000+0000,0051k000002Vkr6AAC,2020-02-28T01:10:00.000+0000,,a061k000002pg6vAAA,a001k000002gG1ZAAU,
a031k000002XraXAAS,,TR-00244,2020-02-28T01:10:00.000+0000,0051k000002Vkr6AAC,2020-02-28T01:10:00.000+0000,0051k000002Vkr6AAC,2020-02-28T01:10:00.000+0000,,a061k000002pg6wAAA,a001k000002gG1ZAAU,
a031k000002XraYAAS,,TR-00245,2020-02-28T01:10:00.000+0000,0051k000002Vkr6AAC,2020-02-28T01:10:00.000+0000,0051k000002Vkr6AAC,2020-02-28T01:10:00.000+0000,,a061k000002pg6xAAA,a001k000002gG1ZAAU,
a031k000002XraZAAS,,TR-00246,2020-02-28T01:10:00.000+0000,0051k000002Vkr6AAC,2020-02-28T01:10:00.000+0000,0051k000002Vkr6AAC,2020-02-28T01:10:00.000+0000,,a061k000002pg6yAAA,a001k000002gG1ZAAU,
a031k000002XraaAAC,,TR-00247,2020-02-28T01:10:00.000+0000,0051k000002Vkr6AAC,2020-02-28T01:10:00.000+0000,0051k000002Vkr6AAC,2020-02-28T01:10:00.000+0000,,a061k000002pg6zAAA,a001k000002gG1ZAAU,
a031k000002XrabAAC,,TR-00248,2020-02-28T01:10:00.000+0000,0051k000002Vkr6AAC,2020-02-28T01:10:00.000+0000,0051k000002Vkr6AAC,2020-02-28T01:10:00.000+0000,,a061k000002pg70AAA,a001k000002gG1ZAAU,
a031k000002XracAAC,,TR-00249,2020-02-28T01:10:00.000+0000,0051k000002Vkr6AAC,2020-02-28T01:10:00.000+0000,0051k000002Vkr6AAC,2020-02-28T01:10:00.000+0000,,a061k000002pg71AAA,a001k000002gG1ZAAU,
a031k000002XradAAC,,TR-00250,2020-02-28T01:10:00.000+0000,0051k000002Vkr6AAC,2020-02-28T01:10:00.000+0000,0051k000002Vkr6AAC,2020-02-28T01:10:00.000+0000,,a061k000002pg72AAA,a001k000002gG1ZAAU,
a031k000002XraeAAC,,TR-00251,2020-02-28T01:10:00.000+0000,0051k000002Vkr6AAC,2020-02-28T01:10:00.000+0000,0051k000002Vkr6AAC,2020-02-28T01:10:00.000+0000,,a061k000002pg73AAA,a001k000002gG1ZAAU,
a031k000002XrafAAC,,TR-00252,2020-02-28T01:10:00.000+0000,0051k000002Vkr6AAC,2020-02-28T01:10:00.000+0000,0051k000002Vkr6AAC,2020-02-28T01:10:00.000+0000,,a061k000002pg74AAA,a001k000002gG1ZAAU,
a031k000002XragAAC,,TR-00253,2020-02-28T01:10:00.000+0000,0051k000002Vkr6AAC,2020-02-28T01:10:00.000+0000,0051k000002Vkr6AAC,2020-02-28T01:10:00.000+0000,,a061k000002pg75AAA,a001k000002gG1ZAAU,
a031k000002XrahAAC,,TR-00254,2020-02-28T01:10:00.000+0000,0051k000002Vkr6AAC,2020-02-28T01:10:00.000+0000,0051k000002Vkr6AAC,2020-02-28T01:10:00.000+0000,,a061k000002pg76AAA,a001k000002gG1ZAAU,
a031k000002XraiAAC,,TR-00255,2020-02-28T01:10:00.000+0000,0051k000002Vkr6AAC,2020-02-28T01:10:00.000+0000,0051k000002Vkr6AAC,2020-02-28T01:10:00.000+0000,,a061k000002pg77AAA,a001k000002gG1ZAAU,
a031k000002XrajAAC,,TR-00256,2020-02-28T01:10:00.000+0000,0051k000002Vkr6AAC,2020-02-28T01:10:00.000+0000,0051k000002Vkr6AAC,2020-02-28T01:10:00.000+0000,,a061k000002pg78AAA,a001k000002gG1ZAAU,
a031k000002XrakAAC,,TR-00257,2020-02-28T01:10:00.000+0000,0051k000002Vkr6AAC,2020-02-28T01:10:00.000+0000,0051k000002Vkr6AAC,2020-02-28T01:10:00.000+0000,,a061k000002pg79AAA,a001k000002gG1ZAAU,
a031k000002XralAAC,,TR-00258,2020-02-28T01:10:00.000+0000,0051k000002Vkr6AAC,2020-02-28T01:10:00.000+0000,0051k000002Vkr6AAC,2020-02-28T01:10:00.000+0000,,a061k000002pg7AAAQ,a001k000002gG1ZAAU,
a031k000002XramAAC,,TR-00259,2020-02-28T01:10:00.000+0000,0051k000002Vkr6AAC,2020-02-28T01:10:00.000+0000,0051k000002Vkr6AAC,2020-02-28T01:10:00.000+0000,,a061k000002pg7BAAQ,a001k000002gG1ZAAU,
a031k000002XranAAC,,TR-00260,2020-02-28T01:10:00.000+0000,0051k000002Vkr6AAC,2020-02-28T01:10:00.000+0000,0051k000002Vkr6AAC,2020-02-28T01:10:00.000+0000,,a061k000002pg7CAAQ,a001k000002gG1ZAAU,
a031k000002XraoAAC,,TR-00261,2020-02-28T01:10:00.000+0000,0051k000002Vkr6AAC,2020-02-28T01:10:00.000+0000,0051k000002Vkr6AAC,2020-02-28T01:10:00.000+0000,,a061k000002pg7DAAQ,a001k000002gG1ZAAU,
a031k000002XrapAAC,,TR-00262,2020-02-28T01:10:00.000+0000,0051k000002Vkr6AAC,2020-02-28T01:10:00.000+0000,0051k000002Vkr6AAC,2020-02-28T01:10:00.000+0000,,a061k000002pg7EAAQ,a001k000002gG1ZAAU,
a031k000002XraqAAC,,TR-00263,2020-02-28T01:10:00.000+0000,0051k000002Vkr6AAC,2020-02-28T01:10:00.000+0000,0051k000002Vkr6AAC,2020-02-28T01:10:00.000+0000,,a061k000002pg7FAAQ,a001k000002gG1ZAAU,
a031k000002XrarAAC,,TR-00264,2020-02-28T01:10:00.000+0000,0051k000002Vkr6AAC,2020-02-28T01:10:00.000+0000,0051k000002Vkr6AAC,2020-02-28T01:10:00.000+0000,,a061k000002pg7GAAQ,a001k000002gG1ZAAU,
a031k000002XrasAAC,,TR-00265,2020-02-28T01:10:00.000+0000,0051k000002Vkr6AAC,2020-02-28T01:10:00.000+0000,0051k000002Vkr6AAC,2020-02-28T01:10:00.000+0000,,a061k000002pg7HAAQ,a001k000002gG1ZAAU,
a031k000002XratAAC,,TR-00266,2020-02-28T01:10:00.000+0000,0051k000002Vkr6AAC,2020-02-28T01:10:00.000+0000,0051k000002Vkr6AAC,2020-02-28T01:10:00.000+0000,,a061k000002pg7IAAQ,a001k000002gG1ZAAU,
a031k000002XrauAAC,,TR-00267,2020-02-28T01:10:00.000+0000,0051k000002Vkr6AAC,2020-02-28T01:10:00.000+0000,0051k000002Vkr6AAC,2020-02-28T01:10:00.000+0000,,a061k000002pg7JAAQ,a001k000002gG1ZAAU,
a031k000002XravAAC,,TR-00268,2020-02-28T01:10:00.000+0000,0051k000002Vkr6AAC,2020-02-28T01:10:00.000+0000,0051k000002Vkr6AAC,2020-02-28T01:10:00.000+0000,,a061k000002pg7KAAQ,a001k000002gG1ZAAU,
a031k000002XrawAAC,,TR-00269,2020-02-28T01:10:00.000+0000,0051k000002Vkr6AAC,2020-02-28T01:10:00.000+0000,0051k000002Vkr6AAC,2020-02-28T01:10:00.000+0000,,a061k000002pg7LAAQ,a001k000002gG1ZAAU,
a031k000002XraxAAC,,TR-00270,2020-02-28T01:10:00.000+0000,0051k000002Vkr6AAC,2020-02-28T01:10:00.000+0000,0051k000002Vkr6AAC,2020-02-28T01:10:00.000+0000,,a061k000002pg7MAAQ,a001k000002gG1ZAAU,
a031k000002XrayAAC,,TR-00271,2020-02-28T01:10:00.000+0000,0051k000002Vkr6AAC,2020-02-28T01:10:00.000+0000,0051k000002Vkr6AAC,2020-02-28T01:10:00.000+0000,,a061k000002pg7NAAQ,a001k000002gG1ZAAU,
a031k000002XrazAAC,,TR-00272,2020-02-28T01:10:00.000+0000,0051k000002Vkr6AAC,2020-02-28T01:10:00.000+0000,0051k000002Vkr6AAC,2020-02-28T01:10:00.000+0000,,a061k000002pg7OAAQ,a001k000002gG1ZAAU,
a031k000002Xrb0AAC,,TR-00273,2020-02-28T01:10:00.000+0000,0051k000002Vkr6AAC,2020-02-28T01:10:00.000+0000,0051k000002Vkr6AAC,2020-02-28T01:10:00.000+0000,,a061k000002pg7PAAQ,a001k000002gG1ZAAU,
a031k000002Xrb1AAC,,TR-00274,2020-02-28T01:10:00.000+0000,0051k000002Vkr6AAC,2020-02-28T01:10:00.000+0000,0051k000002Vkr6AAC,2020-02-28T01:10:00.000+0000,,a061k000002pg7QAAQ,a001k000002gG1ZAAU,
a031k000002Xrb2AAC,,TR-00275,2020-02-28T01:10:00.000+0000,0051k000002Vkr6AAC,2020-02-28T01:10:00.000+0000,0051k000002Vkr6AAC,2020-02-28T01:10:00.000+0000,,a061k000002pg7RAAQ,a001k000002gG1ZAAU,
a031k000002Xrb3AAC,,TR-00276,2020-02-28T01:10:00.000+0000,0051k000002Vkr6AAC,2020-02-28T01:10:00.000+0000,0051k000002Vkr6AAC,2020-02-28T01:10:00.000+0000,,a061k000002pg7SAAQ,a001k000002gG1ZAAU,
a031k000002Xrb4AAC,,TR-00277,2020-02-28T01:10:00.000+0000,0051k000002Vkr6AAC,2020-02-28T01:10:00.000+0000,0051k000002Vkr6AAC,2020-02-28T01:10:00.000+0000,,a061k000002pg7TAAQ,a001k000002gG1ZAAU,
a031k000002Xrb5AAC,,TR-00278,2020-02-28T01:10:00.000+0000,0051k000002Vkr6AAC,2020-02-28T01:10:00.000+0000,0051k000002Vkr6AAC,2020-02-28T01:10:00.000+0000,,a061k000002pg7UAAQ,a001k000002gG1ZAAU,
a031k000002Xrb6AAC,,TR-00279,2020-02-28T01:10:00.000+0000,0051k000002Vkr6AAC,2020-02-28T01:10:00.000+0000,0051k000002Vkr6AAC,2020-02-28T01:10:00.000+0000,,a061k000002pg7VAAQ,a001k000002gG1ZAAU,
a031k000002Xrb7AAC,,TR-00280,2020-02-28T01:10:00.000+0000,0051k000002Vkr6AAC,2020-02-28T01:10:00.000+0000,0051k000002Vkr6AAC,2020-02-28T01:10:00.000+0000,,a061k000002pg7WAAQ,a001k000002gG1ZAAU,
a031k000002Xrb8AAC,,TR-00281,2020-02-28T01:10:00.000+0000,0051k000002Vkr6AAC,2020-02-28T01:10:00.000+0000,0051k000002Vkr6AAC,2020-02-28T01:10:00.000+0000,,a061k000002pg7YAAQ,a001k000002gG1ZAAU,
a031k000002Xrb9AAC,,TR-00282,2020-02-28T01:10:00.000+0000,0051k000002Vkr6AAC,2020-02-28T01:10:00.000+0000,0051k000002Vkr6AAC,2020-02-28T01:10:00.000+0000,,a061k000002pg7ZAAQ,a001k000002gG1ZAAU,
a031k000002aZtAAAU,,TR-00338,2020-03-04T18:48:08.000+0000,0051k000002Vkr6AAC,2020-03-04T18:48:08.000+0000,0051k000002Vkr6AAC,2020-03-04T18:48:08.000+0000,,a061k000002pg6mAAA,a001k000002ga4RAAQ,
a031k000002a5nEAAQ,,TR-00337,2020-03-04T02:30:39.000+0000,0051k000002Vkr6AAC,2020-03-04T02:30:39.000+0000,0051k000002Vkr6AAC,2020-03-04T02:30:39.000+0000,,a061k000002pg6gAAA,a001k000002gZWTAA2,
a031k000002d649AAA,,TR-00340,2020-03-09T17:08:38.000+0000,0051k000002Vkr6AAC,2020-03-09T17:08:38.000+0000,0051k000002Vkr6AAC,2020-03-09T17:08:38.000+0000,,a061k000002pg6hAAA,a001k000002guBWAAY,
a031k000002d64AAAQ,,TR-00341,2020-03-09T17:08:38.000+0000,0051k000002Vkr6AAC,2020-03-09T17:08:38.000+0000,0051k000002Vkr6AAC,2020-03-09T17:08:38.000+0000,,a061k000002pg6iAAA,a001k000002guBWAAY,
a031k000002d64BAAQ,,TR-00342,2020-03-09T17:08:38.000+0000,0051k000002Vkr6AAC,2020-03-09T17:08:38.000+0000,0051k000002Vkr6AAC,2020-03-09T17:08:38.000+0000,,a061k000002pg6jAAA,a001k000002guBWAAY,
a031k000002d64CAAQ,,TR-00343,2020-03-09T17:08:38.000+0000,0051k000002Vkr6AAC,2020-03-09T17:08:38.000+0000,0051k000002Vkr6AAC,2020-03-09T17:08:38.000+0000,,a061k000002pg6kAAA,a001k000002guBWAAY,
a031k000002d64DAAQ,,TR-00344,2020-03-09T17:08:38.000+0000,0051k000002Vkr6AAC,2020-03-09T17:08:38.000+0000,0051k000002Vkr6AAC,2020-03-09T17:08:38.000+0000,,a061k000002pg6lAAA,a001k000002guBWAAY,
a031k000002d64EAAQ,,TR-00345,2020-03-09T17:08:38.000+0000,0051k000002Vkr6AAC,2020-03-09T17:08:38.000+0000,0051k000002Vkr6AAC,2020-03-09T17:08:38.000+0000,,a061k000002pg6mAAA,a001k000002guBWAAY,
a031k000002d64FAAQ,,TR-00346,2020-03-09T17:08:38.000+0000,0051k000002Vkr6AAC,2020-03-09T17:08:38.000+0000,0051k000002Vkr6AAC,2020-03-09T17:08:38.000+0000,,a061k000002pg6nAAA,a001k000002guBWAAY,
a031k000002d64GAAQ,,TR-00347,2020-03-09T17:08:38.000+0000,0051k000002Vkr6AAC,2020-03-09T17:08:38.000+0000,0051k000002Vkr6AAC,2020-03-09T17:08:38.000+0000,,a061k000002pg6oAAA,a001k000002guBWAAY,
a031k000002d64HAAQ,,TR-00348,2020-03-09T17:08:38.000+0000,0051k000002Vkr6AAC,2020-03-09T17:08:38.000+0000,0051k000002Vkr6AAC,2020-03-09T17:08:38.000+0000,,a061k000002pg6pAAA,a001k000002guBWAAY,
a031k000002d64IAAQ,,TR-00349,2020-03-09T17:08:38.000+0000,0051k000002Vkr6AAC,2020-03-09T17:08:38.000+0000,0051k000002Vkr6AAC,2020-03-09T17:08:38.000+0000,,a061k000002pg6qAAA,a001k000002guBWAAY,
a031k000002d64JAAQ,,TR-00350,2020-03-09T17:08:38.000+0000,0051k000002Vkr6AAC,2020-03-09T17:08:38.000+0000,0051k000002Vkr6AAC,2020-03-09T17:08:38.000+0000,,a061k000002pg6rAAA,a001k000002guBWAAY,
a031k000002d64KAAQ,,TR-00351,2020-03-09T17:08:38.000+0000,0051k000002Vkr6AAC,2020-03-09T17:08:38.000+0000,0051k000002Vkr6AAC,2020-03-09T17:08:38.000+0000,,a061k000002pg6sAAA,a001k000002guBWAAY,
a031k000002d64LAAQ,,TR-00352,2020-03-09T17:08:38.000+0000,0051k000002Vkr6AAC,2020-03-09T17:08:38.000+0000,0051k000002Vkr6AAC,2020-03-09T17:08:38.000+0000,,a061k000002pg6tAAA,a001k000002guBWAAY,
a031k000002d64MAAQ,,TR-00353,2020-03-09T17:08:38.000+0000,0051k000002Vkr6AAC,2020-03-09T17:08:38.000+0000,0051k000002Vkr6AAC,2020-03-09T17:08:38.000+0000,,a061k000002pg6uAAA,a001k000002guBWAAY,
a031k000002d64NAAQ,,TR-00354,2020-03-09T17:08:38.000+0000,0051k000002Vkr6AAC,2020-03-09T17:08:38.000+0000,0051k000002Vkr6AAC,2020-03-09T17:08:38.000+0000,,a061k000002pg6vAAA,a001k000002guBWAAY,
a031k000002d64OAAQ,,TR-00355,2020-03-09T17:08:38.000+0000,0051k000002Vkr6AAC,2020-03-09T17:08:38.000+0000,0051k000002Vkr6AAC,2020-03-09T17:08:38.000+0000,,a061k000002pg6wAAA,a001k000002guBWAAY,
a031k000002d64PAAQ,,TR-00356,2020-03-09T17:08:38.000+0000,0051k000002Vkr6AAC,2020-03-09T17:08:38.000+0000,0051k000002Vkr6AAC,2020-03-09T17:08:38.000+0000,,a061k000002pg6xAAA,a001k000002guBWAAY,
a031k000002d64QAAQ,,TR-00357,2020-03-09T17:08:38.000+0000,0051k000002Vkr6AAC,2020-03-09T17:08:38.000+0000,0051k000002Vkr6AAC,2020-03-09T17:08:38.000+0000,,a061k000002pg6yAAA,a001k000002guBWAAY,
a031k000002d64RAAQ,,TR-00358,2020-03-09T17:08:38.000+0000,0051k000002Vkr6AAC,2020-03-09T17:08:38.000+0000,0051k000002Vkr6AAC,2020-03-09T17:08:38.000+0000,,a061k000002pg6zAAA,a001k000002guBWAAY,
a031k000002d64SAAQ,,TR-00359,2020-03-09T17:08:38.000+0000,0051k000002Vkr6AAC,2020-03-09T17:08:38.000+0000,0051k000002Vkr6AAC,2020-03-09T17:08:38.000+0000,,a061k000002pg70AAA,a001k000002guBWAAY,
a031k000002d64TAAQ,,TR-00360,2020-03-09T17:08:38.000+0000,0051k000002Vkr6AAC,2020-03-09T17:08:38.000+0000,0051k000002Vkr6AAC,2020-03-09T17:08:38.000+0000,,a061k000002pg71AAA,a001k000002guBWAAY,
a031k000002d64UAAQ,,TR-00361,2020-03-09T17:08:38.000+0000,0051k000002Vkr6AAC,2020-03-09T17:08:38.000+0000,0051k000002Vkr6AAC,2020-03-09T17:08:38.000+0000,,a061k000002pg72AAA,a001k000002guBWAAY,
a031k000002d64VAAQ,,TR-00362,2020-03-09T17:08:38.000+0000,0051k000002Vkr6AAC,2020-03-09T17:08:38.000+0000,0051k000002Vkr6AAC,2020-03-09T17:08:38.000+0000,,a061k000002pg73AAA,a001k000002guBWAAY,
a031k000002d64WAAQ,,TR-00363,2020-03-09T17:08:38.000+0000,0051k000002Vkr6AAC,2020-03-09T17:08:38.000+0000,0051k000002Vkr6AAC,2020-03-09T17:08:38.000+0000,,a061k000002pg74AAA,a001k000002guBWAAY,
a031k000002d64XAAQ,,TR-00364,2020-03-09T17:08:38.000+0000,0051k000002Vkr6AAC,2020-03-09T17:08:38.000+0000,0051k000002Vkr6AAC,2020-03-09T17:08:38.000+0000,,a061k000002pg75AAA,a001k000002guBWAAY,
a031k000002d64YAAQ,,TR-00365,2020-03-09T17:08:38.000+0000,0051k000002Vkr6AAC,2020-03-09T17:08:38.000+0000,0051k000002Vkr6AAC,2020-03-09T17:08:38.000+0000,,a061k000002pg76AAA,a001k000002guBWAAY,
a031k000002d64ZAAQ,,TR-00366,2020-03-09T17:08:38.000+0000,0051k000002Vkr6AAC,2020-03-09T17:08:38.000+0000,0051k000002Vkr6AAC,2020-03-09T17:08:38.000+0000,,a061k000002pg77AAA,a001k000002guBWAAY,
a031k000002d64aAAA,,TR-00367,2020-03-09T17:08:38.000+0000,0051k000002Vkr6AAC,2020-03-09T17:08:38.000+0000,0051k000002Vkr6AAC,2020-03-09T17:08:38.000+0000,,a061k000002pg78AAA,a001k000002guBWAAY,
a031k000002d64bAAA,,TR-00368,2020-03-09T17:08:38.000+0000,0051k000002Vkr6AAC,2020-03-09T17:08:38.000+0000,0051k000002Vkr6AAC,2020-03-09T17:08:38.000+0000,,a061k000002pg79AAA,a001k000002guBWAAY,
a031k000002d64cAAA,,TR-00369,2020-03-09T17:08:38.000+0000,0051k000002Vkr6AAC,2020-03-09T17:08:38.000+0000,0051k000002Vkr6AAC,2020-03-09T17:08:38.000+0000,,a061k000002pg7AAAQ,a001k000002guBWAAY,
a031k000002d64dAAA,,TR-00370,2020-03-09T17:08:38.000+0000,0051k000002Vkr6AAC,2020-03-09T17:08:38.000+0000,0051k000002Vkr6AAC,2020-03-09T17:08:38.000+0000,,a061k000002pg7BAAQ,a001k000002guBWAAY,
a031k000002d64eAAA,,TR-00371,2020-03-09T17:08:38.000+0000,0051k000002Vkr6AAC,2020-03-09T17:08:38.000+0000,0051k000002Vkr6AAC,2020-03-09T17:08:38.000+0000,,a061k000002pg7CAAQ,a001k000002guBWAAY,
a031k000002d64fAAA,,TR-00372,2020-03-09T17:08:38.000+0000,0051k000002Vkr6AAC,2020-03-09T17:08:38.000+0000,0051k000002Vkr6AAC,2020-03-09T17:08:38.000+0000,,a061k000002pg7DAAQ,a001k000002guBWAAY,
a031k000002d64gAAA,,TR-00373,2020-03-09T17:08:38.000+0000,0051k000002Vkr6AAC,2020-03-09T17:08:38.000+0000,0051k000002Vkr6AAC,2020-03-09T17:08:38.000+0000,,a061k000002pg7EAAQ,a001k000002guBWAAY,
a031k000002d64hAAA,,TR-00374,2020-03-09T17:08:38.000+0000,0051k000002Vkr6AAC,2020-03-09T17:08:38.000+0000,0051k000002Vkr6AAC,2020-03-09T17:08:38.000+0000,,a061k000002pg7FAAQ,a001k000002guBWAAY,
a031k000002d64iAAA,,TR-00375,2020-03-09T17:08:38.000+0000,0051k000002Vkr6AAC,2020-03-09T17:08:38.000+0000,0051k000002Vkr6AAC,2020-03-09T17:08:38.000+0000,,a061k000002pg7GAAQ,a001k000002guBWAAY,
a031k000002d64jAAA,,TR-00376,2020-03-09T17:08:38.000+0000,0051k000002Vkr6AAC,2020-03-09T17:08:38.000+0000,0051k000002Vkr6AAC,2020-03-09T17:08:38.000+0000,,a061k000002pg7HAAQ,a001k000002guBWAAY,
a031k000002d64kAAA,,TR-00377,2020-03-09T17:08:38.000+0000,0051k000002Vkr6AAC,2020-03-09T17:08:38.000+0000,0051k000002Vkr6AAC,2020-03-09T17:08:38.000+0000,,a061k000002pg7IAAQ,a001k000002guBWAAY,
a031k000002d64lAAA,,TR-00378,2020-03-09T17:08:38.000+0000,0051k000002Vkr6AAC,2020-03-09T17:08:38.000+0000,0051k000002Vkr6AAC,2020-03-09T17:08:38.000+0000,,a061k000002pg7JAAQ,a001k000002guBWAAY,
a031k000002d64mAAA,,TR-00379,2020-03-09T17:08:38.000+0000,0051k000002Vkr6AAC,2020-03-09T17:08:38.000+0000,0051k000002Vkr6AAC,2020-03-09T17:08:38.000+0000,,a061k000002pg7KAAQ,a001k000002guBWAAY,
a031k000002d64nAAA,,TR-00380,2020-03-09T17:08:38.000+0000,0051k000002Vkr6AAC,2020-03-09T17:08:38.000+0000,0051k000002Vkr6AAC,2020-03-09T17:08:38.000+0000,,a061k000002pg7LAAQ,a001k000002guBWAAY,
a031k000002d64oAAA,,TR-00381,2020-03-09T17:08:38.000+0000,0051k000002Vkr6AAC,2020-03-09T17:08:38.000+0000,0051k000002Vkr6AAC,2020-03-09T17:08:38.000+0000,,a061k000002pg7MAAQ,a001k000002guBWAAY,
a031k000002d64pAAA,,TR-00382,2020-03-09T17:08:38.000+0000,0051k000002Vkr6AAC,2020-03-09T17:08:38.000+0000,0051k000002Vkr6AAC,2020-03-09T17:08:38.000+0000,,a061k000002pg7NAAQ,a001k000002guBWAAY,
a031k000002d64qAAA,,TR-00383,2020-03-09T17:08:38.000+0000,0051k000002Vkr6AAC,2020-03-09T17:08:38.000+0000,0051k000002Vkr6AAC,2020-03-09T17:08:38.000+0000,,a061k000002pg7OAAQ,a001k000002guBWAAY,
a031k000002d64rAAA,,TR-00384,2020-03-09T17:08:38.000+0000,0051k000002Vkr6AAC,2020-03-09T17:08:38.000+0000,0051k000002Vkr6AAC,2020-03-09T17:08:38.000+0000,,a061k000002pg7PAAQ,a001k000002guBWAAY,
a031k000002d64sAAA,,TR-00385,2020-03-09T17:08:38.000+0000,0051k000002Vkr6AAC,2020-03-09T17:08:38.000+0000,0051k000002Vkr6AAC,2020-03-09T17:08:38.000+0000,,a061k000002pg7QAAQ,a001k000002guBWAAY,
a031k000002d64tAAA,,TR-00386,2020-03-09T17:08:38.000+0000,0051k000002Vkr6AAC,2020-03-09T17:08:38.000+0000,0051k000002Vkr6AAC,2020-03-09T17:08:38.000+0000,,a061k000002pg7RAAQ,a001k000002guBWAAY,
a031k000002d64uAAA,,TR-00387,2020-03-09T17:08:38.000+0000,0051k000002Vkr6AAC,2020-03-09T17:08:38.000+0000,0051k000002Vkr6AAC,2020-03-09T17:08:38.000+0000,,a061k000002pg7SAAQ,a001k000002guBWAAY,
a031k000002d64vAAA,,TR-00388,2020-03-09T17:08:38.000+0000,0051k000002Vkr6AAC,2020-03-09T17:08:38.000+0000,0051k000002Vkr6AAC,2020-03-09T17:08:38.000+0000,,a061k000002pg7TAAQ,a001k000002guBWAAY,
a031k000002d64wAAA,,TR-00389,2020-03-09T17:08:38.000+0000,0051k000002Vkr6AAC,2020-03-09T17:08:38.000+0000,0051k000002Vkr6AAC,2020-03-09T17:08:38.000+0000,,a061k000002pg7UAAQ,a001k000002guBWAAY,
a031k000002d64xAAA,,TR-00390,2020-03-09T17:08:38.000+0000,0051k000002Vkr6AAC,2020-03-09T17:08:38.000+0000,0051k000002Vkr6AAC,2020-03-09T17:08:38.000+0000,,a061k000002pg7VAAQ,a001k000002guBWAAY,
a031k000002d64yAAA,,TR-00391,2020-03-09T17:08:38.000+0000,0051k000002Vkr6AAC,2020-03-09T17:08:38.000+0000,0051k000002Vkr6AAC,2020-03-09T17:08:38.000+0000,,a061k000002pg7WAAQ,a001k000002guBWAAY,
a031k000002d64zAAA,,TR-00392,2020-03-09T17:08:38.000+0000,0051k000002Vkr6AAC,2020-03-09T17:08:38.000+0000,0051k000002Vkr6AAC,2020-03-09T17:08:38.000+0000,,a061k000002pg7YAAQ,a001k000002guBWAAY,
a031k000002d650AAA,,TR-00393,2020-03-09T17:08:38.000+0000,0051k000002Vkr6AAC,2020-03-09T17:08:38.000+0000,0051k000002Vkr6AAC,2020-03-09T17:08:38.000+0000,,a061k000002pg7ZAAQ,a001k000002guBWAAY,
a031k000002eALtAAM,,TR-00394,2020-03-11T16:15:28.000+0000,0051k000002Vkr6AAC,2020-03-11T16:15:28.000+0000,0051k000002Vkr6AAC,2020-03-11T16:15:28.000+0000,,a061k000002pg6gAAA,a001k000002h1ZxAAI,
