Id,IsDeleted,Name,CreatedDate,CreatedById,LastModifiedDate,LastModifiedById,SystemModstamp,LastActivityDate,Topic__c,Resource__c
a033F0000050FbKQAU,,TR-00264,2021-03-10T21:02:25.000+0000,0053F000008l8McQAI,2021-03-10T21:02:25.000+0000,0053F000008l8McQAI,2021-03-10T21:02:25.000+0000,,a063F00000HmP3zQAF,a003F000004oiB9QAI
a033F0000050FbLQAU,,TR-00265,2021-03-10T21:02:25.000+0000,0053F000008l8McQAI,2021-03-10T21:02:25.000+0000,0053F000008l8McQAI,2021-03-10T21:02:25.000+0000,,a063F00000HmP40QAF,a003F000004oiB9QAI
a033F0000050FbMQAU,,TR-00266,2021-03-10T21:02:25.000+0000,0053F000008l8McQAI,2021-03-10T21:02:25.000+0000,0053F000008l8McQAI,2021-03-10T21:02:25.000+0000,,a063F00000HmP41QAF,a003F000004oiB9QAI
a033F0000050FbNQAU,,TR-00267,2021-03-10T21:02:25.000+0000,0053F000008l8McQAI,2021-03-10T21:02:25.000+0000,0053F000008l8McQAI,2021-03-10T21:02:25.000+0000,,a063F00000HmP42QAF,a003F000004oiB9QAI
a033F0000050FbOQAU,,TR-00268,2021-03-10T21:02:25.000+0000,0053F000008l8McQAI,2021-03-10T21:02:25.000+0000,0053F000008l8McQAI,2021-03-10T21:02:25.000+0000,,a063F00000HmP43QAF,a003F000004oiB9QAI
a033F0000050FbPQAU,,TR-00269,2021-03-10T21:02:25.000+0000,0053F000008l8McQAI,2021-03-10T21:02:25.000+0000,0053F000008l8McQAI,2021-03-10T21:02:25.000+0000,,a063F00000HmP44QAF,a003F000004oiB9QAI
a033F0000050FbQQAU,,TR-00270,2021-03-10T21:02:25.000+0000,0053F000008l8McQAI,2021-03-10T21:02:25.000+0000,0053F000008l8McQAI,2021-03-10T21:02:25.000+0000,,a063F00000HmP45QAF,a003F000004oiB9QAI
a033F0000050FbRQAU,,TR-00271,2021-03-10T21:02:25.000+0000,0053F000008l8McQAI,2021-03-10T21:02:25.000+0000,0053F000008l8McQAI,2021-03-10T21:02:25.000+0000,,a063F00000HmP46QAF,a003F000004oiB9QAI
a033F0000050FbSQAU,,TR-00272,2021-03-10T21:02:25.000+0000,0053F000008l8McQAI,2021-03-10T21:02:25.000+0000,0053F000008l8McQAI,2021-03-10T21:02:25.000+0000,,a063F00000HmP47QAF,a003F000004oiB9QAI
a033F0000050FbTQAU,,TR-00273,2021-03-10T21:02:25.000+0000,0053F000008l8McQAI,2021-03-10T21:02:25.000+0000,0053F000008l8McQAI,2021-03-10T21:02:25.000+0000,,a063F00000HmP48QAF,a003F000004oiB9QAI
a033F0000050FbUQAU,,TR-00274,2021-03-10T21:02:25.000+0000,0053F000008l8McQAI,2021-03-10T21:02:25.000+0000,0053F000008l8McQAI,2021-03-10T21:02:25.000+0000,,a063F00000HmP49QAF,a003F000004oiB9QAI
a033F0000050FbVQAU,,TR-00275,2021-03-10T21:02:25.000+0000,0053F000008l8McQAI,2021-03-10T21:02:25.000+0000,0053F000008l8McQAI,2021-03-10T21:02:25.000+0000,,a063F00000HmP4AQAV,a003F000004oiB9QAI
a033F0000050FbWQAU,,TR-00276,2021-03-10T21:02:25.000+0000,0053F000008l8McQAI,2021-03-10T21:02:25.000+0000,0053F000008l8McQAI,2021-03-10T21:02:25.000+0000,,a063F00000HmP4BQAV,a003F000004oiB9QAI
a033F0000050FbXQAU,,TR-00277,2021-03-10T21:02:25.000+0000,0053F000008l8McQAI,2021-03-10T21:02:25.000+0000,0053F000008l8McQAI,2021-03-10T21:02:25.000+0000,,a063F00000HmP4CQAV,a003F000004oiB9QAI
a033F0000050FbYQAU,,TR-00278,2021-03-10T21:02:25.000+0000,0053F000008l8McQAI,2021-03-10T21:02:25.000+0000,0053F000008l8McQAI,2021-03-10T21:02:25.000+0000,,a063F00000HmP4DQAV,a003F000004oiB9QAI
a033F0000050FbZQAU,,TR-00279,2021-03-10T21:02:25.000+0000,0053F000008l8McQAI,2021-03-10T21:02:25.000+0000,0053F000008l8McQAI,2021-03-10T21:02:25.000+0000,,a063F00000HmP4EQAV,a003F000004oiB9QAI
a033F0000050FbaQAE,,TR-00280,2021-03-10T21:02:25.000+0000,0053F000008l8McQAI,2021-03-10T21:02:25.000+0000,0053F000008l8McQAI,2021-03-10T21:02:25.000+0000,,a063F00000HmP4FQAV,a003F000004oiB9QAI
a033F0000050FbbQAE,,TR-00281,2021-03-10T21:02:25.000+0000,0053F000008l8McQAI,2021-03-10T21:02:25.000+0000,0053F000008l8McQAI,2021-03-10T21:02:25.000+0000,,a063F00000HmP4GQAV,a003F000004oiB9QAI
a033F0000050FbcQAE,,TR-00282,2021-03-10T21:02:25.000+0000,0053F000008l8McQAI,2021-03-10T21:02:25.000+0000,0053F000008l8McQAI,2021-03-10T21:02:25.000+0000,,a063F00000HmP4IQAV,a003F000004oiB9QAI
a033F0000050FbdQAE,,TR-00283,2021-03-10T21:02:25.000+0000,0053F000008l8McQAI,2021-03-10T21:02:25.000+0000,0053F000008l8McQAI,2021-03-10T21:02:25.000+0000,,a063F00000HmP4JQAV,a003F000004oiB9QAI
a033F0000050FbeQAE,,TR-00284,2021-03-10T21:02:25.000+0000,0053F000008l8McQAI,2021-03-10T21:02:25.000+0000,0053F000008l8McQAI,2021-03-10T21:02:25.000+0000,,a063F00000HmP3WQAV,a003F000004oiBMQAY
a033F0000050FbfQAE,,TR-00285,2021-03-10T21:02:25.000+0000,0053F000008l8McQAI,2021-03-10T21:02:25.000+0000,0053F000008l8McQAI,2021-03-10T21:02:25.000+0000,,a063F00000HmP3QQAV,a003F000004oiBPQAY
a033F0000050FbgQAE,,TR-00286,2021-03-10T21:02:25.000+0000,0053F000008l8McQAI,2021-03-10T21:02:25.000+0000,0053F000008l8McQAI,2021-03-10T21:02:25.000+0000,,a063F00000HmP3RQAV,a003F000004oiBNQAY
a033F0000050FbhQAE,,TR-00287,2021-03-10T21:02:25.000+0000,0053F000008l8McQAI,2021-03-10T21:02:25.000+0000,0053F000008l8McQAI,2021-03-10T21:02:25.000+0000,,a063F00000HmP3SQAV,a003F000004oiBNQAY
a033F0000050FbiQAE,,TR-00288,2021-03-10T21:02:25.000+0000,0053F000008l8McQAI,2021-03-10T21:02:25.000+0000,0053F000008l8McQAI,2021-03-10T21:02:25.000+0000,,a063F00000HmP3TQAV,a003F000004oiBNQAY
a033F0000050FbjQAE,,TR-00289,2021-03-10T21:02:25.000+0000,0053F000008l8McQAI,2021-03-10T21:02:25.000+0000,0053F000008l8McQAI,2021-03-10T21:02:25.000+0000,,a063F00000HmP3UQAV,a003F000004oiBNQAY
a033F0000050FbkQAE,,TR-00290,2021-03-10T21:02:25.000+0000,0053F000008l8McQAI,2021-03-10T21:02:25.000+0000,0053F000008l8McQAI,2021-03-10T21:02:25.000+0000,,a063F00000HmP3VQAV,a003F000004oiBNQAY
a033F0000050FblQAE,,TR-00291,2021-03-10T21:02:25.000+0000,0053F000008l8McQAI,2021-03-10T21:02:25.000+0000,0053F000008l8McQAI,2021-03-10T21:02:25.000+0000,,a063F00000HmP3WQAV,a003F000004oiBNQAY
a033F0000050FbmQAE,,TR-00292,2021-03-10T21:02:25.000+0000,0053F000008l8McQAI,2021-03-10T21:02:25.000+0000,0053F000008l8McQAI,2021-03-10T21:02:25.000+0000,,a063F00000HmP3XQAV,a003F000004oiBNQAY
a033F0000050FbnQAE,,TR-00293,2021-03-10T21:02:25.000+0000,0053F000008l8McQAI,2021-03-10T21:02:25.000+0000,0053F000008l8McQAI,2021-03-10T21:02:25.000+0000,,a063F00000HmP3YQAV,a003F000004oiBNQAY
a033F0000050FboQAE,,TR-00294,2021-03-10T21:02:25.000+0000,0053F000008l8McQAI,2021-03-10T21:02:25.000+0000,0053F000008l8McQAI,2021-03-10T21:02:25.000+0000,,a063F00000HmP3ZQAV,a003F000004oiBNQAY
a033F0000050FbpQAE,,TR-00295,2021-03-10T21:02:25.000+0000,0053F000008l8McQAI,2021-03-10T21:02:25.000+0000,0053F000008l8McQAI,2021-03-10T21:02:25.000+0000,,a063F00000HmP3aQAF,a003F000004oiBNQAY
a033F0000050FbqQAE,,TR-00296,2021-03-10T21:02:25.000+0000,0053F000008l8McQAI,2021-03-10T21:02:25.000+0000,0053F000008l8McQAI,2021-03-10T21:02:25.000+0000,,a063F00000HmP3bQAF,a003F000004oiBNQAY
a033F0000050FbrQAE,,TR-00297,2021-03-10T21:02:25.000+0000,0053F000008l8McQAI,2021-03-10T21:02:25.000+0000,0053F000008l8McQAI,2021-03-10T21:02:25.000+0000,,a063F00000HmP3cQAF,a003F000004oiBNQAY
a033F0000050FbsQAE,,TR-00298,2021-03-10T21:02:25.000+0000,0053F000008l8McQAI,2021-03-10T21:02:25.000+0000,0053F000008l8McQAI,2021-03-10T21:02:25.000+0000,,a063F00000HmP3dQAF,a003F000004oiBNQAY
a033F0000050FbtQAE,,TR-00299,2021-03-10T21:02:25.000+0000,0053F000008l8McQAI,2021-03-10T21:02:25.000+0000,0053F000008l8McQAI,2021-03-10T21:02:25.000+0000,,a063F00000HmP3eQAF,a003F000004oiBNQAY
a033F0000050FbuQAE,,TR-00300,2021-03-10T21:02:25.000+0000,0053F000008l8McQAI,2021-03-10T21:02:25.000+0000,0053F000008l8McQAI,2021-03-10T21:02:25.000+0000,,a063F00000HmP3fQAF,a003F000004oiBNQAY
a033F0000050FbvQAE,,TR-00301,2021-03-10T21:02:25.000+0000,0053F000008l8McQAI,2021-03-10T21:02:25.000+0000,0053F000008l8McQAI,2021-03-10T21:02:25.000+0000,,a063F00000HmP3gQAF,a003F000004oiBNQAY
a033F0000050FbwQAE,,TR-00302,2021-03-10T21:02:25.000+0000,0053F000008l8McQAI,2021-03-10T21:02:25.000+0000,0053F000008l8McQAI,2021-03-10T21:02:25.000+0000,,a063F00000HmP3hQAF,a003F000004oiBNQAY
a033F0000050FbxQAE,,TR-00303,2021-03-10T21:02:25.000+0000,0053F000008l8McQAI,2021-03-10T21:02:25.000+0000,0053F000008l8McQAI,2021-03-10T21:02:25.000+0000,,a063F00000HmP3iQAF,a003F000004oiBNQAY
a033F0000050FbyQAE,,TR-00304,2021-03-10T21:02:25.000+0000,0053F000008l8McQAI,2021-03-10T21:02:25.000+0000,0053F000008l8McQAI,2021-03-10T21:02:25.000+0000,,a063F00000HmP3jQAF,a003F000004oiBNQAY
a033F0000050FbzQAE,,TR-00305,2021-03-10T21:02:25.000+0000,0053F000008l8McQAI,2021-03-10T21:02:25.000+0000,0053F000008l8McQAI,2021-03-10T21:02:25.000+0000,,a063F00000HmP3kQAF,a003F000004oiBNQAY
a033F0000050Fc0QAE,,TR-00306,2021-03-10T21:02:25.000+0000,0053F000008l8McQAI,2021-03-10T21:02:25.000+0000,0053F000008l8McQAI,2021-03-10T21:02:25.000+0000,,a063F00000HmP3lQAF,a003F000004oiBNQAY
a033F0000050Fc1QAE,,TR-00307,2021-03-10T21:02:25.000+0000,0053F000008l8McQAI,2021-03-10T21:02:25.000+0000,0053F000008l8McQAI,2021-03-10T21:02:25.000+0000,,a063F00000HmP3mQAF,a003F000004oiBNQAY
a033F0000050Fc2QAE,,TR-00308,2021-03-10T21:02:25.000+0000,0053F000008l8McQAI,2021-03-10T21:02:25.000+0000,0053F000008l8McQAI,2021-03-10T21:02:25.000+0000,,a063F00000HmP3nQAF,a003F000004oiBNQAY
a033F0000050Fc3QAE,,TR-00309,2021-03-10T21:02:25.000+0000,0053F000008l8McQAI,2021-03-10T21:02:25.000+0000,0053F000008l8McQAI,2021-03-10T21:02:25.000+0000,,a063F00000HmP3oQAF,a003F000004oiBNQAY
a033F0000050Fc4QAE,,TR-00310,2021-03-10T21:02:25.000+0000,0053F000008l8McQAI,2021-03-10T21:02:25.000+0000,0053F000008l8McQAI,2021-03-10T21:02:25.000+0000,,a063F00000HmP3pQAF,a003F000004oiBNQAY
a033F0000050Fc5QAE,,TR-00311,2021-03-10T21:02:25.000+0000,0053F000008l8McQAI,2021-03-10T21:02:25.000+0000,0053F000008l8McQAI,2021-03-10T21:02:25.000+0000,,a063F00000HmP3qQAF,a003F000004oiBNQAY
a033F0000050Fc6QAE,,TR-00312,2021-03-10T21:02:25.000+0000,0053F000008l8McQAI,2021-03-10T21:02:25.000+0000,0053F000008l8McQAI,2021-03-10T21:02:25.000+0000,,a063F00000HmP3rQAF,a003F000004oiBNQAY
a033F0000050Fc7QAE,,TR-00313,2021-03-10T21:02:25.000+0000,0053F000008l8McQAI,2021-03-10T21:02:25.000+0000,0053F000008l8McQAI,2021-03-10T21:02:25.000+0000,,a063F00000HmP3sQAF,a003F000004oiBNQAY
a033F0000050Fc8QAE,,TR-00314,2021-03-10T21:02:25.000+0000,0053F000008l8McQAI,2021-03-10T21:02:25.000+0000,0053F000008l8McQAI,2021-03-10T21:02:25.000+0000,,a063F00000HmP3tQAF,a003F000004oiBNQAY
a033F0000050Fc9QAE,,TR-00315,2021-03-10T21:02:25.000+0000,0053F000008l8McQAI,2021-03-10T21:02:25.000+0000,0053F000008l8McQAI,2021-03-10T21:02:25.000+0000,,a063F00000HmP3uQAF,a003F000004oiBNQAY
a033F0000050FcAQAU,,TR-00316,2021-03-10T21:02:25.000+0000,0053F000008l8McQAI,2021-03-10T21:02:25.000+0000,0053F000008l8McQAI,2021-03-10T21:02:25.000+0000,,a063F00000HmP3vQAF,a003F000004oiBNQAY
a033F0000050FcBQAU,,TR-00317,2021-03-10T21:02:25.000+0000,0053F000008l8McQAI,2021-03-10T21:02:25.000+0000,0053F000008l8McQAI,2021-03-10T21:02:25.000+0000,,a063F00000HmP3wQAF,a003F000004oiBNQAY
a033F0000050FcCQAU,,TR-00318,2021-03-10T21:02:25.000+0000,0053F000008l8McQAI,2021-03-10T21:02:25.000+0000,0053F000008l8McQAI,2021-03-10T21:02:25.000+0000,,a063F00000HmP3xQAF,a003F000004oiBNQAY
a033F0000050FcDQAU,,TR-00319,2021-03-10T21:02:25.000+0000,0053F000008l8McQAI,2021-03-10T21:02:25.000+0000,0053F000008l8McQAI,2021-03-10T21:02:25.000+0000,,a063F00000HmP3yQAF,a003F000004oiBNQAY
a033F0000050FcEQAU,,TR-00320,2021-03-10T21:02:25.000+0000,0053F000008l8McQAI,2021-03-10T21:02:25.000+0000,0053F000008l8McQAI,2021-03-10T21:02:25.000+0000,,a063F00000HmP3zQAF,a003F000004oiBNQAY
a033F0000050FcFQAU,,TR-00321,2021-03-10T21:02:25.000+0000,0053F000008l8McQAI,2021-03-10T21:02:25.000+0000,0053F000008l8McQAI,2021-03-10T21:02:25.000+0000,,a063F00000HmP40QAF,a003F000004oiBNQAY
a033F0000050FcGQAU,,TR-00322,2021-03-10T21:02:25.000+0000,0053F000008l8McQAI,2021-03-10T21:02:25.000+0000,0053F000008l8McQAI,2021-03-10T21:02:25.000+0000,,a063F00000HmP41QAF,a003F000004oiBNQAY
a033F0000050FcHQAU,,TR-00323,2021-03-10T21:02:25.000+0000,0053F000008l8McQAI,2021-03-10T21:02:25.000+0000,0053F000008l8McQAI,2021-03-10T21:02:25.000+0000,,a063F00000HmP42QAF,a003F000004oiBNQAY
a033F0000050FcIQAU,,TR-00324,2021-03-10T21:02:25.000+0000,0053F000008l8McQAI,2021-03-10T21:02:25.000+0000,0053F000008l8McQAI,2021-03-10T21:02:25.000+0000,,a063F00000HmP43QAF,a003F000004oiBNQAY
a033F0000050FcJQAU,,TR-00325,2021-03-10T21:02:25.000+0000,0053F000008l8McQAI,2021-03-10T21:02:25.000+0000,0053F000008l8McQAI,2021-03-10T21:02:25.000+0000,,a063F00000HmP44QAF,a003F000004oiBNQAY
a033F0000050FcKQAU,,TR-00326,2021-03-10T21:02:25.000+0000,0053F000008l8McQAI,2021-03-10T21:02:25.000+0000,0053F000008l8McQAI,2021-03-10T21:02:25.000+0000,,a063F00000HmP45QAF,a003F000004oiBNQAY
a033F0000050FcLQAU,,TR-00327,2021-03-10T21:02:25.000+0000,0053F000008l8McQAI,2021-03-10T21:02:25.000+0000,0053F000008l8McQAI,2021-03-10T21:02:25.000+0000,,a063F00000HmP46QAF,a003F000004oiBNQAY
a033F0000050FcMQAU,,TR-00328,2021-03-10T21:02:25.000+0000,0053F000008l8McQAI,2021-03-10T21:02:25.000+0000,0053F000008l8McQAI,2021-03-10T21:02:25.000+0000,,a063F00000HmP47QAF,a003F000004oiBNQAY
a033F0000050FcNQAU,,TR-00329,2021-03-10T21:02:25.000+0000,0053F000008l8McQAI,2021-03-10T21:02:25.000+0000,0053F000008l8McQAI,2021-03-10T21:02:25.000+0000,,a063F00000HmP48QAF,a003F000004oiBNQAY
a033F0000050FcOQAU,,TR-00330,2021-03-10T21:02:25.000+0000,0053F000008l8McQAI,2021-03-10T21:02:25.000+0000,0053F000008l8McQAI,2021-03-10T21:02:25.000+0000,,a063F00000HmP49QAF,a003F000004oiBNQAY
a033F0000050FcPQAU,,TR-00331,2021-03-10T21:02:25.000+0000,0053F000008l8McQAI,2021-03-10T21:02:25.000+0000,0053F000008l8McQAI,2021-03-10T21:02:25.000+0000,,a063F00000HmP4AQAV,a003F000004oiBNQAY
a033F0000050FcQQAU,,TR-00332,2021-03-10T21:02:25.000+0000,0053F000008l8McQAI,2021-03-10T21:02:25.000+0000,0053F000008l8McQAI,2021-03-10T21:02:25.000+0000,,a063F00000HmP4BQAV,a003F000004oiBNQAY
a033F0000050FcRQAU,,TR-00333,2021-03-10T21:02:25.000+0000,0053F000008l8McQAI,2021-03-10T21:02:25.000+0000,0053F000008l8McQAI,2021-03-10T21:02:25.000+0000,,a063F00000HmP4CQAV,a003F000004oiBNQAY
a033F0000050FcSQAU,,TR-00334,2021-03-10T21:02:25.000+0000,0053F000008l8McQAI,2021-03-10T21:02:25.000+0000,0053F000008l8McQAI,2021-03-10T21:02:25.000+0000,,a063F00000HmP4DQAV,a003F000004oiBNQAY
a033F0000050FazQAE,,TR-00243,2021-03-10T21:02:25.000+0000,0053F000008l8McQAI,2021-03-10T21:02:25.000+0000,0053F000008l8McQAI,2021-03-10T21:02:25.000+0000,,a063F00000HmP3eQAF,a003F000004oiB9QAI
a033F0000050Fb0QAE,,TR-00244,2021-03-10T21:02:25.000+0000,0053F000008l8McQAI,2021-03-10T21:02:25.000+0000,0053F000008l8McQAI,2021-03-10T21:02:25.000+0000,,a063F00000HmP3fQAF,a003F000004oiB9QAI
a033F0000050Fb1QAE,,TR-00245,2021-03-10T21:02:25.000+0000,0053F000008l8McQAI,2021-03-10T21:02:25.000+0000,0053F000008l8McQAI,2021-03-10T21:02:25.000+0000,,a063F00000HmP3gQAF,a003F000004oiB9QAI
a033F0000050Fb2QAE,,TR-00246,2021-03-10T21:02:25.000+0000,0053F000008l8McQAI,2021-03-10T21:02:25.000+0000,0053F000008l8McQAI,2021-03-10T21:02:25.000+0000,,a063F00000HmP3hQAF,a003F000004oiB9QAI
a033F0000050Fb3QAE,,TR-00247,2021-03-10T21:02:25.000+0000,0053F000008l8McQAI,2021-03-10T21:02:25.000+0000,0053F000008l8McQAI,2021-03-10T21:02:25.000+0000,,a063F00000HmP3iQAF,a003F000004oiB9QAI
a033F0000050Fb4QAE,,TR-00248,2021-03-10T21:02:25.000+0000,0053F000008l8McQAI,2021-03-10T21:02:25.000+0000,0053F000008l8McQAI,2021-03-10T21:02:25.000+0000,,a063F00000HmP3jQAF,a003F000004oiB9QAI
a033F0000050Fb5QAE,,TR-00249,2021-03-10T21:02:25.000+0000,0053F000008l8McQAI,2021-03-10T21:02:25.000+0000,0053F000008l8McQAI,2021-03-10T21:02:25.000+0000,,a063F00000HmP3kQAF,a003F000004oiB9QAI
a033F0000050Fb6QAE,,TR-00250,2021-03-10T21:02:25.000+0000,0053F000008l8McQAI,2021-03-10T21:02:25.000+0000,0053F000008l8McQAI,2021-03-10T21:02:25.000+0000,,a063F00000HmP3lQAF,a003F000004oiB9QAI
a033F0000050Fb7QAE,,TR-00251,2021-03-10T21:02:25.000+0000,0053F000008l8McQAI,2021-03-10T21:02:25.000+0000,0053F000008l8McQAI,2021-03-10T21:02:25.000+0000,,a063F00000HmP3mQAF,a003F000004oiB9QAI
a033F0000050Fb8QAE,,TR-00252,2021-03-10T21:02:25.000+0000,0053F000008l8McQAI,2021-03-10T21:02:25.000+0000,0053F000008l8McQAI,2021-03-10T21:02:25.000+0000,,a063F00000HmP3nQAF,a003F000004oiB9QAI
a033F0000050Fb9QAE,,TR-00253,2021-03-10T21:02:25.000+0000,0053F000008l8McQAI,2021-03-10T21:02:25.000+0000,0053F000008l8McQAI,2021-03-10T21:02:25.000+0000,,a063F00000HmP3oQAF,a003F000004oiB9QAI
a033F0000050FbAQAU,,TR-00254,2021-03-10T21:02:25.000+0000,0053F000008l8McQAI,2021-03-10T21:02:25.000+0000,0053F000008l8McQAI,2021-03-10T21:02:25.000+0000,,a063F00000HmP3pQAF,a003F000004oiB9QAI
a033F0000050FbBQAU,,TR-00255,2021-03-10T21:02:25.000+0000,0053F000008l8McQAI,2021-03-10T21:02:25.000+0000,0053F000008l8McQAI,2021-03-10T21:02:25.000+0000,,a063F00000HmP3qQAF,a003F000004oiB9QAI
a033F0000050FbCQAU,,TR-00256,2021-03-10T21:02:25.000+0000,0053F000008l8McQAI,2021-03-10T21:02:25.000+0000,0053F000008l8McQAI,2021-03-10T21:02:25.000+0000,,a063F00000HmP3rQAF,a003F000004oiB9QAI
a033F0000050FbDQAU,,TR-00257,2021-03-10T21:02:25.000+0000,0053F000008l8McQAI,2021-03-10T21:02:25.000+0000,0053F000008l8McQAI,2021-03-10T21:02:25.000+0000,,a063F00000HmP3sQAF,a003F000004oiB9QAI
a033F0000050FbEQAU,,TR-00258,2021-03-10T21:02:25.000+0000,0053F000008l8McQAI,2021-03-10T21:02:25.000+0000,0053F000008l8McQAI,2021-03-10T21:02:25.000+0000,,a063F00000HmP3tQAF,a003F000004oiB9QAI
a033F0000050FbFQAU,,TR-00259,2021-03-10T21:02:25.000+0000,0053F000008l8McQAI,2021-03-10T21:02:25.000+0000,0053F000008l8McQAI,2021-03-10T21:02:25.000+0000,,a063F00000HmP3uQAF,a003F000004oiB9QAI
a033F0000050FbGQAU,,TR-00260,2021-03-10T21:02:25.000+0000,0053F000008l8McQAI,2021-03-10T21:02:25.000+0000,0053F000008l8McQAI,2021-03-10T21:02:25.000+0000,,a063F00000HmP3vQAF,a003F000004oiB9QAI
a033F0000050FbHQAU,,TR-00261,2021-03-10T21:02:25.000+0000,0053F000008l8McQAI,2021-03-10T21:02:25.000+0000,0053F000008l8McQAI,2021-03-10T21:02:25.000+0000,,a063F00000HmP3wQAF,a003F000004oiB9QAI
a033F0000050FbIQAU,,TR-00262,2021-03-10T21:02:25.000+0000,0053F000008l8McQAI,2021-03-10T21:02:25.000+0000,0053F000008l8McQAI,2021-03-10T21:02:25.000+0000,,a063F00000HmP3xQAF,a003F000004oiB9QAI
a033F0000050FbJQAU,,TR-00263,2021-03-10T21:02:25.000+0000,0053F000008l8McQAI,2021-03-10T21:02:25.000+0000,0053F000008l8McQAI,2021-03-10T21:02:25.000+0000,,a063F00000HmP3yQAF,a003F000004oiB9QAI
a033F0000050FaIQAU,,TR-00200,2021-03-10T21:02:25.000+0000,0053F000008l8McQAI,2021-03-10T21:02:25.000+0000,0053F000008l8McQAI,2021-03-10T21:02:25.000+0000,,a063F00000HmP3TQAV,a003F000004oiAwQAI
a033F0000050FaJQAU,,TR-00201,2021-03-10T21:02:25.000+0000,0053F000008l8McQAI,2021-03-10T21:02:25.000+0000,0053F000008l8McQAI,2021-03-10T21:02:25.000+0000,,a063F00000HmP3UQAV,a003F000004oiAwQAI
a033F0000050FaKQAU,,TR-00202,2021-03-10T21:02:25.000+0000,0053F000008l8McQAI,2021-03-10T21:02:25.000+0000,0053F000008l8McQAI,2021-03-10T21:02:25.000+0000,,a063F00000HmP3VQAV,a003F000004oiAwQAI
a033F0000050FaLQAU,,TR-00203,2021-03-10T21:02:25.000+0000,0053F000008l8McQAI,2021-03-10T21:02:25.000+0000,0053F000008l8McQAI,2021-03-10T21:02:25.000+0000,,a063F00000HmP3WQAV,a003F000004oiAwQAI
a033F0000050FaMQAU,,TR-00204,2021-03-10T21:02:25.000+0000,0053F000008l8McQAI,2021-03-10T21:02:25.000+0000,0053F000008l8McQAI,2021-03-10T21:02:25.000+0000,,a063F00000HmP3XQAV,a003F000004oiAwQAI
a033F0000050FaNQAU,,TR-00205,2021-03-10T21:02:25.000+0000,0053F000008l8McQAI,2021-03-10T21:02:25.000+0000,0053F000008l8McQAI,2021-03-10T21:02:25.000+0000,,a063F00000HmP3YQAV,a003F000004oiAwQAI
a033F0000050FaOQAU,,TR-00206,2021-03-10T21:02:25.000+0000,0053F000008l8McQAI,2021-03-10T21:02:25.000+0000,0053F000008l8McQAI,2021-03-10T21:02:25.000+0000,,a063F00000HmP3ZQAV,a003F000004oiAwQAI
a033F0000050FaPQAU,,TR-00207,2021-03-10T21:02:25.000+0000,0053F000008l8McQAI,2021-03-10T21:02:25.000+0000,0053F000008l8McQAI,2021-03-10T21:02:25.000+0000,,a063F00000HmP3QQAV,a003F000004oiAyQAI
a033F0000050FaQQAU,,TR-00208,2021-03-10T21:02:25.000+0000,0053F000008l8McQAI,2021-03-10T21:02:25.000+0000,0053F000008l8McQAI,2021-03-10T21:02:25.000+0000,,a063F00000HmP3jQAF,a003F000004oiAuQAI
a033F0000050FaRQAU,,TR-00209,2021-03-10T21:02:25.000+0000,0053F000008l8McQAI,2021-03-10T21:02:25.000+0000,0053F000008l8McQAI,2021-03-10T21:02:25.000+0000,,a063F00000HmP3aQAF,a003F000004oiAwQAI
a033F0000050FaSQAU,,TR-00210,2021-03-10T21:02:25.000+0000,0053F000008l8McQAI,2021-03-10T21:02:25.000+0000,0053F000008l8McQAI,2021-03-10T21:02:25.000+0000,,a063F00000HmP3bQAF,a003F000004oiAwQAI
a033F0000050FaTQAU,,TR-00211,2021-03-10T21:02:25.000+0000,0053F000008l8McQAI,2021-03-10T21:02:25.000+0000,0053F000008l8McQAI,2021-03-10T21:02:25.000+0000,,a063F00000HmP3cQAF,a003F000004oiAwQAI
a033F0000050FaUQAU,,TR-00212,2021-03-10T21:02:25.000+0000,0053F000008l8McQAI,2021-03-10T21:02:25.000+0000,0053F000008l8McQAI,2021-03-10T21:02:25.000+0000,,a063F00000HmP3dQAF,a003F000004oiAwQAI
a033F0000050FaVQAU,,TR-00213,2021-03-10T21:02:25.000+0000,0053F000008l8McQAI,2021-03-10T21:02:25.000+0000,0053F000008l8McQAI,2021-03-10T21:02:25.000+0000,,a063F00000HmP3eQAF,a003F000004oiAwQAI
a033F0000050FaWQAU,,TR-00214,2021-03-10T21:02:25.000+0000,0053F000008l8McQAI,2021-03-10T21:02:25.000+0000,0053F000008l8McQAI,2021-03-10T21:02:25.000+0000,,a063F00000HmP3fQAF,a003F000004oiAwQAI
a033F0000050FaXQAU,,TR-00215,2021-03-10T21:02:25.000+0000,0053F000008l8McQAI,2021-03-10T21:02:25.000+0000,0053F000008l8McQAI,2021-03-10T21:02:25.000+0000,,a063F00000HmP3gQAF,a003F000004oiAwQAI
a033F0000050FaYQAU,,TR-00216,2021-03-10T21:02:25.000+0000,0053F000008l8McQAI,2021-03-10T21:02:25.000+0000,0053F000008l8McQAI,2021-03-10T21:02:25.000+0000,,a063F00000HmP3hQAF,a003F000004oiAwQAI
a033F0000050FaZQAU,,TR-00217,2021-03-10T21:02:25.000+0000,0053F000008l8McQAI,2021-03-10T21:02:25.000+0000,0053F000008l8McQAI,2021-03-10T21:02:25.000+0000,,a063F00000HmP3iQAF,a003F000004oiAwQAI
a033F0000050FaaQAE,,TR-00218,2021-03-10T21:02:25.000+0000,0053F000008l8McQAI,2021-03-10T21:02:25.000+0000,0053F000008l8McQAI,2021-03-10T21:02:25.000+0000,,a063F00000HmP3jQAF,a003F000004oiAwQAI
a033F0000050FabQAE,,TR-00219,2021-03-10T21:02:25.000+0000,0053F000008l8McQAI,2021-03-10T21:02:25.000+0000,0053F000008l8McQAI,2021-03-10T21:02:25.000+0000,,a063F00000HmP3kQAF,a003F000004oiAwQAI
a033F0000050FacQAE,,TR-00220,2021-03-10T21:02:25.000+0000,0053F000008l8McQAI,2021-03-10T21:02:25.000+0000,0053F000008l8McQAI,2021-03-10T21:02:25.000+0000,,a063F00000HmP3lQAF,a003F000004oiAwQAI
a033F0000050FadQAE,,TR-00221,2021-03-10T21:02:25.000+0000,0053F000008l8McQAI,2021-03-10T21:02:25.000+0000,0053F000008l8McQAI,2021-03-10T21:02:25.000+0000,,a063F00000HmP3mQAF,a003F000004oiAwQAI
a033F0000050FaeQAE,,TR-00222,2021-03-10T21:02:25.000+0000,0053F000008l8McQAI,2021-03-10T21:02:25.000+0000,0053F000008l8McQAI,2021-03-10T21:02:25.000+0000,,a063F00000HmP3nQAF,a003F000004oiAwQAI
a033F0000050FafQAE,,TR-00223,2021-03-10T21:02:25.000+0000,0053F000008l8McQAI,2021-03-10T21:02:25.000+0000,0053F000008l8McQAI,2021-03-10T21:02:25.000+0000,,a063F00000HmP3oQAF,a003F000004oiAwQAI
a033F0000050FagQAE,,TR-00224,2021-03-10T21:02:25.000+0000,0053F000008l8McQAI,2021-03-10T21:02:25.000+0000,0053F000008l8McQAI,2021-03-10T21:02:25.000+0000,,a063F00000HmP3pQAF,a003F000004oiAwQAI
a033F0000050FahQAE,,TR-00225,2021-03-10T21:02:25.000+0000,0053F000008l8McQAI,2021-03-10T21:02:25.000+0000,0053F000008l8McQAI,2021-03-10T21:02:25.000+0000,,a063F00000HmP3qQAF,a003F000004oiAwQAI
a033F0000050FaiQAE,,TR-00226,2021-03-10T21:02:25.000+0000,0053F000008l8McQAI,2021-03-10T21:02:25.000+0000,0053F000008l8McQAI,2021-03-10T21:02:25.000+0000,,a063F00000HmP3rQAF,a003F000004oiAwQAI
a033F0000050FajQAE,,TR-00227,2021-03-10T21:02:25.000+0000,0053F000008l8McQAI,2021-03-10T21:02:25.000+0000,0053F000008l8McQAI,2021-03-10T21:02:25.000+0000,,a063F00000HmP3sQAF,a003F000004oiAwQAI
a033F0000050FakQAE,,TR-00228,2021-03-10T21:02:25.000+0000,0053F000008l8McQAI,2021-03-10T21:02:25.000+0000,0053F000008l8McQAI,2021-03-10T21:02:25.000+0000,,a063F00000HmP3tQAF,a003F000004oiAwQAI
a033F0000050FalQAE,,TR-00229,2021-03-10T21:02:25.000+0000,0053F000008l8McQAI,2021-03-10T21:02:25.000+0000,0053F000008l8McQAI,2021-03-10T21:02:25.000+0000,,a063F00000HmP3QQAV,a003F000004oiArQAI
a033F0000050FamQAE,,TR-00230,2021-03-10T21:02:25.000+0000,0053F000008l8McQAI,2021-03-10T21:02:25.000+0000,0053F000008l8McQAI,2021-03-10T21:02:25.000+0000,,a063F00000HmP3RQAV,a003F000004oiB9QAI
a033F0000050FanQAE,,TR-00231,2021-03-10T21:02:25.000+0000,0053F000008l8McQAI,2021-03-10T21:02:25.000+0000,0053F000008l8McQAI,2021-03-10T21:02:25.000+0000,,a063F00000HmP3SQAV,a003F000004oiB9QAI
a033F0000050FaoQAE,,TR-00232,2021-03-10T21:02:25.000+0000,0053F000008l8McQAI,2021-03-10T21:02:25.000+0000,0053F000008l8McQAI,2021-03-10T21:02:25.000+0000,,a063F00000HmP3TQAV,a003F000004oiB9QAI
a033F0000050FapQAE,,TR-00233,2021-03-10T21:02:25.000+0000,0053F000008l8McQAI,2021-03-10T21:02:25.000+0000,0053F000008l8McQAI,2021-03-10T21:02:25.000+0000,,a063F00000HmP3UQAV,a003F000004oiB9QAI
a033F0000050FaqQAE,,TR-00234,2021-03-10T21:02:25.000+0000,0053F000008l8McQAI,2021-03-10T21:02:25.000+0000,0053F000008l8McQAI,2021-03-10T21:02:25.000+0000,,a063F00000HmP3VQAV,a003F000004oiB9QAI
a033F0000050FarQAE,,TR-00235,2021-03-10T21:02:25.000+0000,0053F000008l8McQAI,2021-03-10T21:02:25.000+0000,0053F000008l8McQAI,2021-03-10T21:02:25.000+0000,,a063F00000HmP3WQAV,a003F000004oiB9QAI
a033F0000050FasQAE,,TR-00236,2021-03-10T21:02:25.000+0000,0053F000008l8McQAI,2021-03-10T21:02:25.000+0000,0053F000008l8McQAI,2021-03-10T21:02:25.000+0000,,a063F00000HmP3XQAV,a003F000004oiB9QAI
a033F0000050FatQAE,,TR-00237,2021-03-10T21:02:25.000+0000,0053F000008l8McQAI,2021-03-10T21:02:25.000+0000,0053F000008l8McQAI,2021-03-10T21:02:25.000+0000,,a063F00000HmP3YQAV,a003F000004oiB9QAI
a033F0000050FauQAE,,TR-00238,2021-03-10T21:02:25.000+0000,0053F000008l8McQAI,2021-03-10T21:02:25.000+0000,0053F000008l8McQAI,2021-03-10T21:02:25.000+0000,,a063F00000HmP3ZQAV,a003F000004oiB9QAI
a033F0000050FavQAE,,TR-00239,2021-03-10T21:02:25.000+0000,0053F000008l8McQAI,2021-03-10T21:02:25.000+0000,0053F000008l8McQAI,2021-03-10T21:02:25.000+0000,,a063F00000HmP3aQAF,a003F000004oiB9QAI
a033F0000050FawQAE,,TR-00240,2021-03-10T21:02:25.000+0000,0053F000008l8McQAI,2021-03-10T21:02:25.000+0000,0053F000008l8McQAI,2021-03-10T21:02:25.000+0000,,a063F00000HmP3bQAF,a003F000004oiB9QAI
a033F0000050FaxQAE,,TR-00241,2021-03-10T21:02:25.000+0000,0053F000008l8McQAI,2021-03-10T21:02:25.000+0000,0053F000008l8McQAI,2021-03-10T21:02:25.000+0000,,a063F00000HmP3cQAF,a003F000004oiB9QAI
a033F0000050FayQAE,,TR-00242,2021-03-10T21:02:25.000+0000,0053F000008l8McQAI,2021-03-10T21:02:25.000+0000,0053F000008l8McQAI,2021-03-10T21:02:25.000+0000,,a063F00000HmP3dQAF,a003F000004oiB9QAI
a033F0000050FcTQAU,,TR-00335,2021-03-10T21:02:25.000+0000,0053F000008l8McQAI,2021-03-10T21:02:25.000+0000,0053F000008l8McQAI,2021-03-10T21:02:25.000+0000,,a063F00000HmP4EQAV,a003F000004oiBNQAY
a033F0000050FcUQAU,,TR-00336,2021-03-10T21:02:25.000+0000,0053F000008l8McQAI,2021-03-10T21:02:25.000+0000,0053F000008l8McQAI,2021-03-10T21:02:25.000+0000,,a063F00000HmP4FQAV,a003F000004oiBNQAY
a033F0000050FcVQAU,,TR-00337,2021-03-10T21:02:25.000+0000,0053F000008l8McQAI,2021-03-10T21:02:25.000+0000,0053F000008l8McQAI,2021-03-10T21:02:25.000+0000,,a063F00000HmP4GQAV,a003F000004oiBNQAY
a033F0000050FcWQAU,,TR-00338,2021-03-10T21:02:25.000+0000,0053F000008l8McQAI,2021-03-10T21:02:25.000+0000,0053F000008l8McQAI,2021-03-10T21:02:25.000+0000,,a063F00000HmP4IQAV,a003F000004oiBNQAY
a033F0000050FcXQAU,,TR-00339,2021-03-10T21:02:25.000+0000,0053F000008l8McQAI,2021-03-10T21:02:25.000+0000,0053F000008l8McQAI,2021-03-10T21:02:25.000+0000,,a063F00000HmP4JQAV,a003F000004oiBNQAY
a033F0000050FcYQAU,,TR-00340,2021-03-10T21:02:25.000+0000,0053F000008l8McQAI,2021-03-10T21:02:25.000+0000,0053F000008l8McQAI,2021-03-10T21:02:25.000+0000,,a063F00000HmP3QQAV,a003F000004oiBOQAY
a033F0000050FX4QAM,,TR-00000,2021-03-10T21:02:24.000+0000,0053F000008l8McQAI,2021-03-10T21:02:24.000+0000,0053F000008l8McQAI,2021-03-10T21:02:24.000+0000,,a063F00000HmP3kQAF,a003F000004oiAmQAI
a033F0000050FX5QAM,,TR-00001,2021-03-10T21:02:24.000+0000,0053F000008l8McQAI,2021-03-10T21:02:24.000+0000,0053F000008l8McQAI,2021-03-10T21:02:24.000+0000,,a063F00000HmP3QQAV,a003F000004oiAsQAI
a033F0000050FX6QAM,,TR-00002,2021-03-10T21:02:24.000+0000,0053F000008l8McQAI,2021-03-10T21:02:24.000+0000,0053F000008l8McQAI,2021-03-10T21:02:24.000+0000,,a063F00000HmP3uQAF,a003F000004oiAwQAI
a033F0000050FX7QAM,,TR-00003,2021-03-10T21:02:24.000+0000,0053F000008l8McQAI,2021-03-10T21:02:24.000+0000,0053F000008l8McQAI,2021-03-10T21:02:24.000+0000,,a063F00000HmP3vQAF,a003F000004oiAwQAI
a033F0000050FX8QAM,,TR-00004,2021-03-10T21:02:24.000+0000,0053F000008l8McQAI,2021-03-10T21:02:24.000+0000,0053F000008l8McQAI,2021-03-10T21:02:24.000+0000,,a063F00000HmP3wQAF,a003F000004oiAwQAI
a033F0000050FX9QAM,,TR-00005,2021-03-10T21:02:24.000+0000,0053F000008l8McQAI,2021-03-10T21:02:24.000+0000,0053F000008l8McQAI,2021-03-10T21:02:24.000+0000,,a063F00000HmP3xQAF,a003F000004oiAwQAI
a033F0000050FXAQA2,,TR-00006,2021-03-10T21:02:24.000+0000,0053F000008l8McQAI,2021-03-10T21:02:24.000+0000,0053F000008l8McQAI,2021-03-10T21:02:24.000+0000,,a063F00000HmP3yQAF,a003F000004oiAwQAI
a033F0000050FXBQA2,,TR-00007,2021-03-10T21:02:24.000+0000,0053F000008l8McQAI,2021-03-10T21:02:24.000+0000,0053F000008l8McQAI,2021-03-10T21:02:24.000+0000,,a063F00000HmP3zQAF,a003F000004oiAwQAI
a033F0000050FXCQA2,,TR-00008,2021-03-10T21:02:24.000+0000,0053F000008l8McQAI,2021-03-10T21:02:24.000+0000,0053F000008l8McQAI,2021-03-10T21:02:24.000+0000,,a063F00000HmP40QAF,a003F000004oiAwQAI
a033F0000050FXDQA2,,TR-00009,2021-03-10T21:02:24.000+0000,0053F000008l8McQAI,2021-03-10T21:02:24.000+0000,0053F000008l8McQAI,2021-03-10T21:02:24.000+0000,,a063F00000HmP41QAF,a003F000004oiAwQAI
a033F0000050FXEQA2,,TR-00010,2021-03-10T21:02:24.000+0000,0053F000008l8McQAI,2021-03-10T21:02:24.000+0000,0053F000008l8McQAI,2021-03-10T21:02:24.000+0000,,a063F00000HmP42QAF,a003F000004oiAwQAI
a033F0000050FXFQA2,,TR-00011,2021-03-10T21:02:24.000+0000,0053F000008l8McQAI,2021-03-10T21:02:24.000+0000,0053F000008l8McQAI,2021-03-10T21:02:24.000+0000,,a063F00000HmP43QAF,a003F000004oiAwQAI
a033F0000050FXGQA2,,TR-00012,2021-03-10T21:02:24.000+0000,0053F000008l8McQAI,2021-03-10T21:02:24.000+0000,0053F000008l8McQAI,2021-03-10T21:02:24.000+0000,,a063F00000HmP44QAF,a003F000004oiAwQAI
a033F0000050FXHQA2,,TR-00013,2021-03-10T21:02:24.000+0000,0053F000008l8McQAI,2021-03-10T21:02:24.000+0000,0053F000008l8McQAI,2021-03-10T21:02:24.000+0000,,a063F00000HmP45QAF,a003F000004oiAwQAI
a033F0000050FXIQA2,,TR-00014,2021-03-10T21:02:24.000+0000,0053F000008l8McQAI,2021-03-10T21:02:24.000+0000,0053F000008l8McQAI,2021-03-10T21:02:24.000+0000,,a063F00000HmP46QAF,a003F000004oiAwQAI
a033F0000050FXJQA2,,TR-00015,2021-03-10T21:02:24.000+0000,0053F000008l8McQAI,2021-03-10T21:02:24.000+0000,0053F000008l8McQAI,2021-03-10T21:02:24.000+0000,,a063F00000HmP47QAF,a003F000004oiAwQAI
a033F0000050FXKQA2,,TR-00016,2021-03-10T21:02:24.000+0000,0053F000008l8McQAI,2021-03-10T21:02:24.000+0000,0053F000008l8McQAI,2021-03-10T21:02:24.000+0000,,a063F00000HmP48QAF,a003F000004oiAwQAI
a033F0000050FXLQA2,,TR-00017,2021-03-10T21:02:24.000+0000,0053F000008l8McQAI,2021-03-10T21:02:24.000+0000,0053F000008l8McQAI,2021-03-10T21:02:24.000+0000,,a063F00000HmP49QAF,a003F000004oiAwQAI
a033F0000050FXMQA2,,TR-00018,2021-03-10T21:02:24.000+0000,0053F000008l8McQAI,2021-03-10T21:02:24.000+0000,0053F000008l8McQAI,2021-03-10T21:02:24.000+0000,,a063F00000HmP4AQAV,a003F000004oiAwQAI
a033F0000050FXNQA2,,TR-00019,2021-03-10T21:02:24.000+0000,0053F000008l8McQAI,2021-03-10T21:02:24.000+0000,0053F000008l8McQAI,2021-03-10T21:02:24.000+0000,,a063F00000HmP4BQAV,a003F000004oiAwQAI
a033F0000050FXOQA2,,TR-00020,2021-03-10T21:02:24.000+0000,0053F000008l8McQAI,2021-03-10T21:02:24.000+0000,0053F000008l8McQAI,2021-03-10T21:02:24.000+0000,,a063F00000HmP4CQAV,a003F000004oiAwQAI
a033F0000050FXPQA2,,TR-00021,2021-03-10T21:02:24.000+0000,0053F000008l8McQAI,2021-03-10T21:02:24.000+0000,0053F000008l8McQAI,2021-03-10T21:02:24.000+0000,,a063F00000HmP4DQAV,a003F000004oiAwQAI
a033F0000050FZ4QAM,,TR-00124,2021-03-10T21:02:24.000+0000,0053F000008l8McQAI,2021-03-10T21:02:24.000+0000,0053F000008l8McQAI,2021-03-10T21:02:24.000+0000,,a063F00000HmP45QAF,a003F000004oiB0QAI
a033F0000050FZ5QAM,,TR-00125,2021-03-10T21:02:24.000+0000,0053F000008l8McQAI,2021-03-10T21:02:24.000+0000,0053F000008l8McQAI,2021-03-10T21:02:24.000+0000,,a063F00000HmP46QAF,a003F000004oiB0QAI
a033F0000050FZ6QAM,,TR-00126,2021-03-10T21:02:24.000+0000,0053F000008l8McQAI,2021-03-10T21:02:24.000+0000,0053F000008l8McQAI,2021-03-10T21:02:24.000+0000,,a063F00000HmP47QAF,a003F000004oiB0QAI
a033F0000050FZ7QAM,,TR-00127,2021-03-10T21:02:24.000+0000,0053F000008l8McQAI,2021-03-10T21:02:24.000+0000,0053F000008l8McQAI,2021-03-10T21:02:24.000+0000,,a063F00000HmP48QAF,a003F000004oiB0QAI
a033F0000050FZ8QAM,,TR-00128,2021-03-10T21:02:24.000+0000,0053F000008l8McQAI,2021-03-10T21:02:24.000+0000,0053F000008l8McQAI,2021-03-10T21:02:24.000+0000,,a063F00000HmP49QAF,a003F000004oiB0QAI
a033F0000050FZ9QAM,,TR-00129,2021-03-10T21:02:24.000+0000,0053F000008l8McQAI,2021-03-10T21:02:24.000+0000,0053F000008l8McQAI,2021-03-10T21:02:24.000+0000,,a063F00000HmP4AQAV,a003F000004oiB0QAI
a033F0000050FZAQA2,,TR-00130,2021-03-10T21:02:24.000+0000,0053F000008l8McQAI,2021-03-10T21:02:24.000+0000,0053F000008l8McQAI,2021-03-10T21:02:24.000+0000,,a063F00000HmP4BQAV,a003F000004oiB0QAI
a033F0000050FZBQA2,,TR-00131,2021-03-10T21:02:24.000+0000,0053F000008l8McQAI,2021-03-10T21:02:24.000+0000,0053F000008l8McQAI,2021-03-10T21:02:24.000+0000,,a063F00000HmP4CQAV,a003F000004oiB0QAI
a033F0000050FZCQA2,,TR-00132,2021-03-10T21:02:24.000+0000,0053F000008l8McQAI,2021-03-10T21:02:24.000+0000,0053F000008l8McQAI,2021-03-10T21:02:24.000+0000,,a063F00000HmP4DQAV,a003F000004oiB0QAI
a033F0000050FZDQA2,,TR-00133,2021-03-10T21:02:24.000+0000,0053F000008l8McQAI,2021-03-10T21:02:24.000+0000,0053F000008l8McQAI,2021-03-10T21:02:24.000+0000,,a063F00000HmP4EQAV,a003F000004oiB0QAI
a033F0000050FZEQA2,,TR-00134,2021-03-10T21:02:24.000+0000,0053F000008l8McQAI,2021-03-10T21:02:24.000+0000,0053F000008l8McQAI,2021-03-10T21:02:24.000+0000,,a063F00000HmP4FQAV,a003F000004oiB0QAI
a033F0000050FZFQA2,,TR-00135,2021-03-10T21:02:24.000+0000,0053F000008l8McQAI,2021-03-10T21:02:24.000+0000,0053F000008l8McQAI,2021-03-10T21:02:24.000+0000,,a063F00000HmP4GQAV,a003F000004oiB0QAI
a033F0000050FZGQA2,,TR-00136,2021-03-10T21:02:24.000+0000,0053F000008l8McQAI,2021-03-10T21:02:24.000+0000,0053F000008l8McQAI,2021-03-10T21:02:24.000+0000,,a063F00000HmP3SQAV,a003F000004oiB8QAI
a033F0000050FZHQA2,,TR-00137,2021-03-10T21:02:24.000+0000,0053F000008l8McQAI,2021-03-10T21:02:24.000+0000,0053F000008l8McQAI,2021-03-10T21:02:24.000+0000,,a063F00000HmP4HQAV,a003F000004oiAvQAI
a033F0000050FZIQA2,,TR-00138,2021-03-10T21:02:24.000+0000,0053F000008l8McQAI,2021-03-10T21:02:24.000+0000,0053F000008l8McQAI,2021-03-10T21:02:24.000+0000,,a063F00000HmP3QQAV,a003F000004oiB6QAI
a033F0000050FZJQA2,,TR-00139,2021-03-10T21:02:24.000+0000,0053F000008l8McQAI,2021-03-10T21:02:24.000+0000,0053F000008l8McQAI,2021-03-10T21:02:24.000+0000,,a063F00000HmP3RQAV,a003F000004oiB1QAI
a033F0000050FZKQA2,,TR-00140,2021-03-10T21:02:24.000+0000,0053F000008l8McQAI,2021-03-10T21:02:24.000+0000,0053F000008l8McQAI,2021-03-10T21:02:24.000+0000,,a063F00000HmP3SQAV,a003F000004oiB1QAI
a033F0000050FZLQA2,,TR-00141,2021-03-10T21:02:24.000+0000,0053F000008l8McQAI,2021-03-10T21:02:24.000+0000,0053F000008l8McQAI,2021-03-10T21:02:24.000+0000,,a063F00000HmP3TQAV,a003F000004oiB1QAI
a033F0000050FZNQA2,,TR-00143,2021-03-10T21:02:24.000+0000,0053F000008l8McQAI,2021-03-10T21:02:24.000+0000,0053F000008l8McQAI,2021-03-10T21:02:24.000+0000,,a063F00000HmP3VQAV,a003F000004oiB1QAI
a033F0000050FZOQA2,,TR-00144,2021-03-10T21:02:24.000+0000,0053F000008l8McQAI,2021-03-10T21:02:24.000+0000,0053F000008l8McQAI,2021-03-10T21:02:24.000+0000,,a063F00000HmP3WQAV,a003F000004oiB1QAI
a033F0000050FZPQA2,,TR-00145,2021-03-10T21:02:24.000+0000,0053F000008l8McQAI,2021-03-10T21:02:24.000+0000,0053F000008l8McQAI,2021-03-10T21:02:24.000+0000,,a063F00000HmP3XQAV,a003F000004oiB1QAI
a033F0000050FZQQA2,,TR-00146,2021-03-10T21:02:24.000+0000,0053F000008l8McQAI,2021-03-10T21:02:24.000+0000,0053F000008l8McQAI,2021-03-10T21:02:24.000+0000,,a063F00000HmP3YQAV,a003F000004oiB1QAI
a033F0000050FZRQA2,,TR-00147,2021-03-10T21:02:24.000+0000,0053F000008l8McQAI,2021-03-10T21:02:24.000+0000,0053F000008l8McQAI,2021-03-10T21:02:24.000+0000,,a063F00000HmP3ZQAV,a003F000004oiB1QAI
a033F0000050FZSQA2,,TR-00148,2021-03-10T21:02:24.000+0000,0053F000008l8McQAI,2021-03-10T21:02:24.000+0000,0053F000008l8McQAI,2021-03-10T21:02:24.000+0000,,a063F00000HmP3aQAF,a003F000004oiB1QAI
a033F0000050FZTQA2,,TR-00149,2021-03-10T21:02:24.000+0000,0053F000008l8McQAI,2021-03-10T21:02:24.000+0000,0053F000008l8McQAI,2021-03-10T21:02:24.000+0000,,a063F00000HmP3bQAF,a003F000004oiB1QAI
a033F0000050FZUQA2,,TR-00150,2021-03-10T21:02:24.000+0000,0053F000008l8McQAI,2021-03-10T21:02:24.000+0000,0053F000008l8McQAI,2021-03-10T21:02:24.000+0000,,a063F00000HmP3cQAF,a003F000004oiB1QAI
a033F0000050FZVQA2,,TR-00151,2021-03-10T21:02:24.000+0000,0053F000008l8McQAI,2021-03-10T21:02:24.000+0000,0053F000008l8McQAI,2021-03-10T21:02:24.000+0000,,a063F00000HmP3dQAF,a003F000004oiB1QAI
a033F0000050FZWQA2,,TR-00152,2021-03-10T21:02:24.000+0000,0053F000008l8McQAI,2021-03-10T21:02:24.000+0000,0053F000008l8McQAI,2021-03-10T21:02:24.000+0000,,a063F00000HmP3eQAF,a003F000004oiB1QAI
a033F0000050FZXQA2,,TR-00153,2021-03-10T21:02:24.000+0000,0053F000008l8McQAI,2021-03-10T21:02:24.000+0000,0053F000008l8McQAI,2021-03-10T21:02:24.000+0000,,a063F00000HmP3fQAF,a003F000004oiB1QAI
a033F0000050FZYQA2,,TR-00154,2021-03-10T21:02:24.000+0000,0053F000008l8McQAI,2021-03-10T21:02:24.000+0000,0053F000008l8McQAI,2021-03-10T21:02:24.000+0000,,a063F00000HmP3gQAF,a003F000004oiB1QAI
a033F0000050FZZQA2,,TR-00155,2021-03-10T21:02:24.000+0000,0053F000008l8McQAI,2021-03-10T21:02:24.000+0000,0053F000008l8McQAI,2021-03-10T21:02:24.000+0000,,a063F00000HmP3hQAF,a003F000004oiB1QAI
a033F0000050FZaQAM,,TR-00156,2021-03-10T21:02:24.000+0000,0053F000008l8McQAI,2021-03-10T21:02:24.000+0000,0053F000008l8McQAI,2021-03-10T21:02:24.000+0000,,a063F00000HmP3iQAF,a003F000004oiB1QAI
a033F0000050FZbQAM,,TR-00157,2021-03-10T21:02:24.000+0000,0053F000008l8McQAI,2021-03-10T21:02:24.000+0000,0053F000008l8McQAI,2021-03-10T21:02:24.000+0000,,a063F00000HmP3jQAF,a003F000004oiB1QAI
a033F0000050FZMQA2,,TR-00142,2021-03-10T21:02:24.000+0000,0053F000008l8McQAI,2021-03-10T21:02:24.000+0000,0053F000008l8McQAI,2021-03-10T21:02:24.000+0000,,a063F00000HmP3UQAV,a003F000004oiB1QAI
a033F0000050FZcQAM,,TR-00158,2021-03-10T21:02:24.000+0000,0053F000008l8McQAI,2021-03-10T21:02:24.000+0000,0053F000008l8McQAI,2021-03-10T21:02:24.000+0000,,a063F00000HmP3kQAF,a003F000004oiB1QAI
a033F0000050FZdQAM,,TR-00159,2021-03-10T21:02:24.000+0000,0053F000008l8McQAI,2021-03-10T21:02:24.000+0000,0053F000008l8McQAI,2021-03-10T21:02:24.000+0000,,a063F00000HmP3lQAF,a003F000004oiB1QAI
a033F0000050FZeQAM,,TR-00160,2021-03-10T21:02:24.000+0000,0053F000008l8McQAI,2021-03-10T21:02:24.000+0000,0053F000008l8McQAI,2021-03-10T21:02:24.000+0000,,a063F00000HmP3mQAF,a003F000004oiB1QAI
a033F0000050FZfQAM,,TR-00161,2021-03-10T21:02:24.000+0000,0053F000008l8McQAI,2021-03-10T21:02:24.000+0000,0053F000008l8McQAI,2021-03-10T21:02:24.000+0000,,a063F00000HmP3nQAF,a003F000004oiB1QAI
a033F0000050FZgQAM,,TR-00162,2021-03-10T21:02:24.000+0000,0053F000008l8McQAI,2021-03-10T21:02:24.000+0000,0053F000008l8McQAI,2021-03-10T21:02:24.000+0000,,a063F00000HmP3oQAF,a003F000004oiB1QAI
a033F0000050FZhQAM,,TR-00163,2021-03-10T21:02:24.000+0000,0053F000008l8McQAI,2021-03-10T21:02:24.000+0000,0053F000008l8McQAI,2021-03-10T21:02:24.000+0000,,a063F00000HmP3pQAF,a003F000004oiB1QAI
a033F0000050FZiQAM,,TR-00164,2021-03-10T21:02:24.000+0000,0053F000008l8McQAI,2021-03-10T21:02:24.000+0000,0053F000008l8McQAI,2021-03-10T21:02:24.000+0000,,a063F00000HmP3qQAF,a003F000004oiB1QAI
a033F0000050FZjQAM,,TR-00165,2021-03-10T21:02:24.000+0000,0053F000008l8McQAI,2021-03-10T21:02:24.000+0000,0053F000008l8McQAI,2021-03-10T21:02:24.000+0000,,a063F00000HmP3rQAF,a003F000004oiB1QAI
a033F0000050FZkQAM,,TR-00166,2021-03-10T21:02:24.000+0000,0053F000008l8McQAI,2021-03-10T21:02:24.000+0000,0053F000008l8McQAI,2021-03-10T21:02:24.000+0000,,a063F00000HmP3sQAF,a003F000004oiB1QAI
a033F0000050FZlQAM,,TR-00167,2021-03-10T21:02:24.000+0000,0053F000008l8McQAI,2021-03-10T21:02:24.000+0000,0053F000008l8McQAI,2021-03-10T21:02:24.000+0000,,a063F00000HmP3tQAF,a003F000004oiB1QAI
a033F0000050FZmQAM,,TR-00168,2021-03-10T21:02:24.000+0000,0053F000008l8McQAI,2021-03-10T21:02:24.000+0000,0053F000008l8McQAI,2021-03-10T21:02:24.000+0000,,a063F00000HmP3uQAF,a003F000004oiB1QAI
a033F0000050FZnQAM,,TR-00169,2021-03-10T21:02:24.000+0000,0053F000008l8McQAI,2021-03-10T21:02:24.000+0000,0053F000008l8McQAI,2021-03-10T21:02:24.000+0000,,a063F00000HmP3vQAF,a003F000004oiB1QAI
a033F0000050FZoQAM,,TR-00170,2021-03-10T21:02:24.000+0000,0053F000008l8McQAI,2021-03-10T21:02:24.000+0000,0053F000008l8McQAI,2021-03-10T21:02:24.000+0000,,a063F00000HmP3wQAF,a003F000004oiB1QAI
a033F0000050FXYQA2,,TR-00030,2021-03-10T21:02:24.000+0000,0053F000008l8McQAI,2021-03-10T21:02:24.000+0000,0053F000008l8McQAI,2021-03-10T21:02:24.000+0000,,a063F00000HmP3SQAV,a003F000004oiBEQAY
a033F0000050FXZQA2,,TR-00031,2021-03-10T21:02:24.000+0000,0053F000008l8McQAI,2021-03-10T21:02:24.000+0000,0053F000008l8McQAI,2021-03-10T21:02:24.000+0000,,a063F00000HmP3TQAV,a003F000004oiBEQAY
a033F0000050FXaQAM,,TR-00032,2021-03-10T21:02:24.000+0000,0053F000008l8McQAI,2021-03-10T21:02:24.000+0000,0053F000008l8McQAI,2021-03-10T21:02:24.000+0000,,a063F00000HmP3UQAV,a003F000004oiBEQAY
a033F0000050FXbQAM,,TR-00033,2021-03-10T21:02:24.000+0000,0053F000008l8McQAI,2021-03-10T21:02:24.000+0000,0053F000008l8McQAI,2021-03-10T21:02:24.000+0000,,a063F00000HmP3VQAV,a003F000004oiBEQAY
a033F0000050FXcQAM,,TR-00034,2021-03-10T21:02:24.000+0000,0053F000008l8McQAI,2021-03-10T21:02:24.000+0000,0053F000008l8McQAI,2021-03-10T21:02:24.000+0000,,a063F00000HmP3WQAV,a003F000004oiBEQAY
a033F0000050FXdQAM,,TR-00035,2021-03-10T21:02:24.000+0000,0053F000008l8McQAI,2021-03-10T21:02:24.000+0000,0053F000008l8McQAI,2021-03-10T21:02:24.000+0000,,a063F00000HmP3XQAV,a003F000004oiBEQAY
a033F0000050FXeQAM,,TR-00036,2021-03-10T21:02:24.000+0000,0053F000008l8McQAI,2021-03-10T21:02:24.000+0000,0053F000008l8McQAI,2021-03-10T21:02:24.000+0000,,a063F00000HmP3YQAV,a003F000004oiBEQAY
a033F0000050FXfQAM,,TR-00037,2021-03-10T21:02:24.000+0000,0053F000008l8McQAI,2021-03-10T21:02:24.000+0000,0053F000008l8McQAI,2021-03-10T21:02:24.000+0000,,a063F00000HmP3ZQAV,a003F000004oiBEQAY
a033F0000050FXgQAM,,TR-00038,2021-03-10T21:02:24.000+0000,0053F000008l8McQAI,2021-03-10T21:02:24.000+0000,0053F000008l8McQAI,2021-03-10T21:02:24.000+0000,,a063F00000HmP3aQAF,a003F000004oiBEQAY
a033F0000050FXhQAM,,TR-00039,2021-03-10T21:02:24.000+0000,0053F000008l8McQAI,2021-03-10T21:02:24.000+0000,0053F000008l8McQAI,2021-03-10T21:02:24.000+0000,,a063F00000HmP3bQAF,a003F000004oiBEQAY
a033F0000050FXiQAM,,TR-00040,2021-03-10T21:02:24.000+0000,0053F000008l8McQAI,2021-03-10T21:02:24.000+0000,0053F000008l8McQAI,2021-03-10T21:02:24.000+0000,,a063F00000HmP3cQAF,a003F000004oiBEQAY
a033F0000050FXjQAM,,TR-00041,2021-03-10T21:02:24.000+0000,0053F000008l8McQAI,2021-03-10T21:02:24.000+0000,0053F000008l8McQAI,2021-03-10T21:02:24.000+0000,,a063F00000HmP3dQAF,a003F000004oiBEQAY
a033F0000050FXkQAM,,TR-00042,2021-03-10T21:02:24.000+0000,0053F000008l8McQAI,2021-03-10T21:02:24.000+0000,0053F000008l8McQAI,2021-03-10T21:02:24.000+0000,,a063F00000HmP3eQAF,a003F000004oiBEQAY
a033F0000050FXlQAM,,TR-00043,2021-03-10T21:02:24.000+0000,0053F000008l8McQAI,2021-03-10T21:02:24.000+0000,0053F000008l8McQAI,2021-03-10T21:02:24.000+0000,,a063F00000HmP3fQAF,a003F000004oiBEQAY
a033F0000050FXmQAM,,TR-00044,2021-03-10T21:02:24.000+0000,0053F000008l8McQAI,2021-03-10T21:02:24.000+0000,0053F000008l8McQAI,2021-03-10T21:02:24.000+0000,,a063F00000HmP3gQAF,a003F000004oiBEQAY
a033F0000050FXnQAM,,TR-00045,2021-03-10T21:02:24.000+0000,0053F000008l8McQAI,2021-03-10T21:02:24.000+0000,0053F000008l8McQAI,2021-03-10T21:02:24.000+0000,,a063F00000HmP3hQAF,a003F000004oiBEQAY
a033F0000050FXoQAM,,TR-00046,2021-03-10T21:02:24.000+0000,0053F000008l8McQAI,2021-03-10T21:02:24.000+0000,0053F000008l8McQAI,2021-03-10T21:02:24.000+0000,,a063F00000HmP3iQAF,a003F000004oiBEQAY
a033F0000050FXpQAM,,TR-00047,2021-03-10T21:02:24.000+0000,0053F000008l8McQAI,2021-03-10T21:02:24.000+0000,0053F000008l8McQAI,2021-03-10T21:02:24.000+0000,,a063F00000HmP3jQAF,a003F000004oiBEQAY
a033F0000050FXqQAM,,TR-00048,2021-03-10T21:02:24.000+0000,0053F000008l8McQAI,2021-03-10T21:02:24.000+0000,0053F000008l8McQAI,2021-03-10T21:02:24.000+0000,,a063F00000HmP3kQAF,a003F000004oiBEQAY
a033F0000050FXrQAM,,TR-00049,2021-03-10T21:02:24.000+0000,0053F000008l8McQAI,2021-03-10T21:02:24.000+0000,0053F000008l8McQAI,2021-03-10T21:02:24.000+0000,,a063F00000HmP3lQAF,a003F000004oiBEQAY
a033F0000050FXsQAM,,TR-00050,2021-03-10T21:02:24.000+0000,0053F000008l8McQAI,2021-03-10T21:02:24.000+0000,0053F000008l8McQAI,2021-03-10T21:02:24.000+0000,,a063F00000HmP3mQAF,a003F000004oiBEQAY
a033F0000050FXtQAM,,TR-00051,2021-03-10T21:02:24.000+0000,0053F000008l8McQAI,2021-03-10T21:02:24.000+0000,0053F000008l8McQAI,2021-03-10T21:02:24.000+0000,,a063F00000HmP3nQAF,a003F000004oiBEQAY
a033F0000050FXuQAM,,TR-00052,2021-03-10T21:02:24.000+0000,0053F000008l8McQAI,2021-03-10T21:02:24.000+0000,0053F000008l8McQAI,2021-03-10T21:02:24.000+0000,,a063F00000HmP3oQAF,a003F000004oiBEQAY
a033F0000050FXvQAM,,TR-00053,2021-03-10T21:02:24.000+0000,0053F000008l8McQAI,2021-03-10T21:02:24.000+0000,0053F000008l8McQAI,2021-03-10T21:02:24.000+0000,,a063F00000HmP3pQAF,a003F000004oiBEQAY
a033F0000050FXwQAM,,TR-00054,2021-03-10T21:02:24.000+0000,0053F000008l8McQAI,2021-03-10T21:02:24.000+0000,0053F000008l8McQAI,2021-03-10T21:02:24.000+0000,,a063F00000HmP3qQAF,a003F000004oiBEQAY
a033F0000050FXxQAM,,TR-00055,2021-03-10T21:02:24.000+0000,0053F000008l8McQAI,2021-03-10T21:02:24.000+0000,0053F000008l8McQAI,2021-03-10T21:02:24.000+0000,,a063F00000HmP3rQAF,a003F000004oiBEQAY
a033F0000050FXyQAM,,TR-00056,2021-03-10T21:02:24.000+0000,0053F000008l8McQAI,2021-03-10T21:02:24.000+0000,0053F000008l8McQAI,2021-03-10T21:02:24.000+0000,,a063F00000HmP3sQAF,a003F000004oiBEQAY
a033F0000050FXzQAM,,TR-00057,2021-03-10T21:02:24.000+0000,0053F000008l8McQAI,2021-03-10T21:02:24.000+0000,0053F000008l8McQAI,2021-03-10T21:02:24.000+0000,,a063F00000HmP3tQAF,a003F000004oiBEQAY
a033F0000050FY0QAM,,TR-00058,2021-03-10T21:02:24.000+0000,0053F000008l8McQAI,2021-03-10T21:02:24.000+0000,0053F000008l8McQAI,2021-03-10T21:02:24.000+0000,,a063F00000HmP3uQAF,a003F000004oiBEQAY
a033F0000050FY1QAM,,TR-00059,2021-03-10T21:02:24.000+0000,0053F000008l8McQAI,2021-03-10T21:02:24.000+0000,0053F000008l8McQAI,2021-03-10T21:02:24.000+0000,,a063F00000HmP3vQAF,a003F000004oiBEQAY
a033F0000050FY2QAM,,TR-00060,2021-03-10T21:02:24.000+0000,0053F000008l8McQAI,2021-03-10T21:02:24.000+0000,0053F000008l8McQAI,2021-03-10T21:02:24.000+0000,,a063F00000HmP3wQAF,a003F000004oiBEQAY
a033F0000050FY3QAM,,TR-00061,2021-03-10T21:02:24.000+0000,0053F000008l8McQAI,2021-03-10T21:02:24.000+0000,0053F000008l8McQAI,2021-03-10T21:02:24.000+0000,,a063F00000HmP3xQAF,a003F000004oiBEQAY
a033F0000050FY4QAM,,TR-00062,2021-03-10T21:02:24.000+0000,0053F000008l8McQAI,2021-03-10T21:02:24.000+0000,0053F000008l8McQAI,2021-03-10T21:02:24.000+0000,,a063F00000HmP3yQAF,a003F000004oiBEQAY
a033F0000050FY5QAM,,TR-00063,2021-03-10T21:02:24.000+0000,0053F000008l8McQAI,2021-03-10T21:02:24.000+0000,0053F000008l8McQAI,2021-03-10T21:02:24.000+0000,,a063F00000HmP3zQAF,a003F000004oiBEQAY
a033F0000050FY6QAM,,TR-00064,2021-03-10T21:02:24.000+0000,0053F000008l8McQAI,2021-03-10T21:02:24.000+0000,0053F000008l8McQAI,2021-03-10T21:02:24.000+0000,,a063F00000HmP40QAF,a003F000004oiBEQAY
a033F0000050FY7QAM,,TR-00065,2021-03-10T21:02:24.000+0000,0053F000008l8McQAI,2021-03-10T21:02:24.000+0000,0053F000008l8McQAI,2021-03-10T21:02:24.000+0000,,a063F00000HmP41QAF,a003F000004oiBEQAY
a033F0000050FY8QAM,,TR-00066,2021-03-10T21:02:24.000+0000,0053F000008l8McQAI,2021-03-10T21:02:24.000+0000,0053F000008l8McQAI,2021-03-10T21:02:24.000+0000,,a063F00000HmP42QAF,a003F000004oiBEQAY
a033F0000050FY9QAM,,TR-00067,2021-03-10T21:02:24.000+0000,0053F000008l8McQAI,2021-03-10T21:02:24.000+0000,0053F000008l8McQAI,2021-03-10T21:02:24.000+0000,,a063F00000HmP43QAF,a003F000004oiBEQAY
a033F0000050FYAQA2,,TR-00068,2021-03-10T21:02:24.000+0000,0053F000008l8McQAI,2021-03-10T21:02:24.000+0000,0053F000008l8McQAI,2021-03-10T21:02:24.000+0000,,a063F00000HmP44QAF,a003F000004oiBEQAY
a033F0000050FYBQA2,,TR-00069,2021-03-10T21:02:24.000+0000,0053F000008l8McQAI,2021-03-10T21:02:24.000+0000,0053F000008l8McQAI,2021-03-10T21:02:24.000+0000,,a063F00000HmP45QAF,a003F000004oiBEQAY
a033F0000050FYCQA2,,TR-00070,2021-03-10T21:02:24.000+0000,0053F000008l8McQAI,2021-03-10T21:02:24.000+0000,0053F000008l8McQAI,2021-03-10T21:02:24.000+0000,,a063F00000HmP46QAF,a003F000004oiBEQAY
a033F0000050FYDQA2,,TR-00071,2021-03-10T21:02:24.000+0000,0053F000008l8McQAI,2021-03-10T21:02:24.000+0000,0053F000008l8McQAI,2021-03-10T21:02:24.000+0000,,a063F00000HmP47QAF,a003F000004oiBEQAY
a033F0000050FYEQA2,,TR-00072,2021-03-10T21:02:24.000+0000,0053F000008l8McQAI,2021-03-10T21:02:24.000+0000,0053F000008l8McQAI,2021-03-10T21:02:24.000+0000,,a063F00000HmP48QAF,a003F000004oiBEQAY
a033F0000050FYFQA2,,TR-00073,2021-03-10T21:02:24.000+0000,0053F000008l8McQAI,2021-03-10T21:02:24.000+0000,0053F000008l8McQAI,2021-03-10T21:02:24.000+0000,,a063F00000HmP49QAF,a003F000004oiBEQAY
a033F0000050FYGQA2,,TR-00074,2021-03-10T21:02:24.000+0000,0053F000008l8McQAI,2021-03-10T21:02:24.000+0000,0053F000008l8McQAI,2021-03-10T21:02:24.000+0000,,a063F00000HmP4AQAV,a003F000004oiBEQAY
a033F0000050FYHQA2,,TR-00075,2021-03-10T21:02:24.000+0000,0053F000008l8McQAI,2021-03-10T21:02:24.000+0000,0053F000008l8McQAI,2021-03-10T21:02:24.000+0000,,a063F00000HmP4BQAV,a003F000004oiBEQAY
a033F0000050FYIQA2,,TR-00076,2021-03-10T21:02:24.000+0000,0053F000008l8McQAI,2021-03-10T21:02:24.000+0000,0053F000008l8McQAI,2021-03-10T21:02:24.000+0000,,a063F00000HmP4CQAV,a003F000004oiBEQAY
a033F0000050FYJQA2,,TR-00077,2021-03-10T21:02:24.000+0000,0053F000008l8McQAI,2021-03-10T21:02:24.000+0000,0053F000008l8McQAI,2021-03-10T21:02:24.000+0000,,a063F00000HmP4DQAV,a003F000004oiBEQAY
a033F0000050FYKQA2,,TR-00078,2021-03-10T21:02:24.000+0000,0053F000008l8McQAI,2021-03-10T21:02:24.000+0000,0053F000008l8McQAI,2021-03-10T21:02:24.000+0000,,a063F00000HmP4EQAV,a003F000004oiBEQAY
a033F0000050FYLQA2,,TR-00079,2021-03-10T21:02:24.000+0000,0053F000008l8McQAI,2021-03-10T21:02:24.000+0000,0053F000008l8McQAI,2021-03-10T21:02:24.000+0000,,a063F00000HmP4FQAV,a003F000004oiBEQAY
a033F0000050FYMQA2,,TR-00080,2021-03-10T21:02:24.000+0000,0053F000008l8McQAI,2021-03-10T21:02:24.000+0000,0053F000008l8McQAI,2021-03-10T21:02:24.000+0000,,a063F00000HmP4GQAV,a003F000004oiBEQAY
a033F0000050FYOQA2,,TR-00082,2021-03-10T21:02:24.000+0000,0053F000008l8McQAI,2021-03-10T21:02:24.000+0000,0053F000008l8McQAI,2021-03-10T21:02:24.000+0000,,a063F00000HmP4JQAV,a003F000004oiB2QAI
a033F0000050FYPQA2,,TR-00083,2021-03-10T21:02:24.000+0000,0053F000008l8McQAI,2021-03-10T21:02:24.000+0000,0053F000008l8McQAI,2021-03-10T21:02:24.000+0000,,a063F00000HmP3wQAF,a003F000004oiAzQAI
a033F0000050FYQQA2,,TR-00084,2021-03-10T21:02:24.000+0000,0053F000008l8McQAI,2021-03-10T21:02:24.000+0000,0053F000008l8McQAI,2021-03-10T21:02:24.000+0000,,a063F00000HmP3RQAV,a003F000004oiB0QAI
a033F0000050FYRQA2,,TR-00085,2021-03-10T21:02:24.000+0000,0053F000008l8McQAI,2021-03-10T21:02:24.000+0000,0053F000008l8McQAI,2021-03-10T21:02:24.000+0000,,a063F00000HmP3SQAV,a003F000004oiB0QAI
a033F0000050FYSQA2,,TR-00086,2021-03-10T21:02:24.000+0000,0053F000008l8McQAI,2021-03-10T21:02:24.000+0000,0053F000008l8McQAI,2021-03-10T21:02:24.000+0000,,a063F00000HmP3TQAV,a003F000004oiB0QAI
a033F0000050FYTQA2,,TR-00087,2021-03-10T21:02:24.000+0000,0053F000008l8McQAI,2021-03-10T21:02:24.000+0000,0053F000008l8McQAI,2021-03-10T21:02:24.000+0000,,a063F00000HmP3UQAV,a003F000004oiB0QAI
a033F0000050FYUQA2,,TR-00088,2021-03-10T21:02:24.000+0000,0053F000008l8McQAI,2021-03-10T21:02:24.000+0000,0053F000008l8McQAI,2021-03-10T21:02:24.000+0000,,a063F00000HmP3VQAV,a003F000004oiB0QAI
a033F0000050FYVQA2,,TR-00089,2021-03-10T21:02:24.000+0000,0053F000008l8McQAI,2021-03-10T21:02:24.000+0000,0053F000008l8McQAI,2021-03-10T21:02:24.000+0000,,a063F00000HmP3WQAV,a003F000004oiB0QAI
a033F0000050FYWQA2,,TR-00090,2021-03-10T21:02:24.000+0000,0053F000008l8McQAI,2021-03-10T21:02:24.000+0000,0053F000008l8McQAI,2021-03-10T21:02:24.000+0000,,a063F00000HmP3XQAV,a003F000004oiB0QAI
a033F0000050FYXQA2,,TR-00091,2021-03-10T21:02:24.000+0000,0053F000008l8McQAI,2021-03-10T21:02:24.000+0000,0053F000008l8McQAI,2021-03-10T21:02:24.000+0000,,a063F00000HmP3YQAV,a003F000004oiB0QAI
a033F0000050FYYQA2,,TR-00092,2021-03-10T21:02:24.000+0000,0053F000008l8McQAI,2021-03-10T21:02:24.000+0000,0053F000008l8McQAI,2021-03-10T21:02:24.000+0000,,a063F00000HmP3ZQAV,a003F000004oiB0QAI
a033F0000050FYZQA2,,TR-00093,2021-03-10T21:02:24.000+0000,0053F000008l8McQAI,2021-03-10T21:02:24.000+0000,0053F000008l8McQAI,2021-03-10T21:02:24.000+0000,,a063F00000HmP3aQAF,a003F000004oiB0QAI
a033F0000050FYaQAM,,TR-00094,2021-03-10T21:02:24.000+0000,0053F000008l8McQAI,2021-03-10T21:02:24.000+0000,0053F000008l8McQAI,2021-03-10T21:02:24.000+0000,,a063F00000HmP3bQAF,a003F000004oiB0QAI
a033F0000050FYbQAM,,TR-00095,2021-03-10T21:02:24.000+0000,0053F000008l8McQAI,2021-03-10T21:02:24.000+0000,0053F000008l8McQAI,2021-03-10T21:02:24.000+0000,,a063F00000HmP3cQAF,a003F000004oiB0QAI
a033F0000050FYcQAM,,TR-00096,2021-03-10T21:02:24.000+0000,0053F000008l8McQAI,2021-03-10T21:02:24.000+0000,0053F000008l8McQAI,2021-03-10T21:02:24.000+0000,,a063F00000HmP3dQAF,a003F000004oiB0QAI
a033F0000050FYdQAM,,TR-00097,2021-03-10T21:02:24.000+0000,0053F000008l8McQAI,2021-03-10T21:02:24.000+0000,0053F000008l8McQAI,2021-03-10T21:02:24.000+0000,,a063F00000HmP3eQAF,a003F000004oiB0QAI
a033F0000050FYeQAM,,TR-00098,2021-03-10T21:02:24.000+0000,0053F000008l8McQAI,2021-03-10T21:02:24.000+0000,0053F000008l8McQAI,2021-03-10T21:02:24.000+0000,,a063F00000HmP3fQAF,a003F000004oiB0QAI
a033F0000050FYfQAM,,TR-00099,2021-03-10T21:02:24.000+0000,0053F000008l8McQAI,2021-03-10T21:02:24.000+0000,0053F000008l8McQAI,2021-03-10T21:02:24.000+0000,,a063F00000HmP3gQAF,a003F000004oiB0QAI
a033F0000050FYgQAM,,TR-00100,2021-03-10T21:02:24.000+0000,0053F000008l8McQAI,2021-03-10T21:02:24.000+0000,0053F000008l8McQAI,2021-03-10T21:02:24.000+0000,,a063F00000HmP3hQAF,a003F000004oiB0QAI
a033F0000050FYhQAM,,TR-00101,2021-03-10T21:02:24.000+0000,0053F000008l8McQAI,2021-03-10T21:02:24.000+0000,0053F000008l8McQAI,2021-03-10T21:02:24.000+0000,,a063F00000HmP3iQAF,a003F000004oiB0QAI
a033F0000050FYiQAM,,TR-00102,2021-03-10T21:02:24.000+0000,0053F000008l8McQAI,2021-03-10T21:02:24.000+0000,0053F000008l8McQAI,2021-03-10T21:02:24.000+0000,,a063F00000HmP3jQAF,a003F000004oiB0QAI
a033F0000050FYjQAM,,TR-00103,2021-03-10T21:02:24.000+0000,0053F000008l8McQAI,2021-03-10T21:02:24.000+0000,0053F000008l8McQAI,2021-03-10T21:02:24.000+0000,,a063F00000HmP3kQAF,a003F000004oiB0QAI
a033F0000050FYkQAM,,TR-00104,2021-03-10T21:02:24.000+0000,0053F000008l8McQAI,2021-03-10T21:02:24.000+0000,0053F000008l8McQAI,2021-03-10T21:02:24.000+0000,,a063F00000HmP3lQAF,a003F000004oiB0QAI
a033F0000050FYlQAM,,TR-00105,2021-03-10T21:02:24.000+0000,0053F000008l8McQAI,2021-03-10T21:02:24.000+0000,0053F000008l8McQAI,2021-03-10T21:02:24.000+0000,,a063F00000HmP3mQAF,a003F000004oiB0QAI
a033F0000050FYmQAM,,TR-00106,2021-03-10T21:02:24.000+0000,0053F000008l8McQAI,2021-03-10T21:02:24.000+0000,0053F000008l8McQAI,2021-03-10T21:02:24.000+0000,,a063F00000HmP3nQAF,a003F000004oiB0QAI
a033F0000050FYnQAM,,TR-00107,2021-03-10T21:02:24.000+0000,0053F000008l8McQAI,2021-03-10T21:02:24.000+0000,0053F000008l8McQAI,2021-03-10T21:02:24.000+0000,,a063F00000HmP3oQAF,a003F000004oiB0QAI
a033F0000050FYoQAM,,TR-00108,2021-03-10T21:02:24.000+0000,0053F000008l8McQAI,2021-03-10T21:02:24.000+0000,0053F000008l8McQAI,2021-03-10T21:02:24.000+0000,,a063F00000HmP3pQAF,a003F000004oiB0QAI
a033F0000050FYpQAM,,TR-00109,2021-03-10T21:02:24.000+0000,0053F000008l8McQAI,2021-03-10T21:02:24.000+0000,0053F000008l8McQAI,2021-03-10T21:02:24.000+0000,,a063F00000HmP3qQAF,a003F000004oiB0QAI
a033F0000050FYNQA2,,TR-00081,2021-03-10T21:02:24.000+0000,0053F000008l8McQAI,2021-03-10T21:02:24.000+0000,0053F000008l8McQAI,2021-03-10T21:02:24.000+0000,,a063F00000HmP4IQAV,a003F000004oiBBQAY
a033F0000050FYqQAM,,TR-00110,2021-03-10T21:02:24.000+0000,0053F000008l8McQAI,2021-03-10T21:02:24.000+0000,0053F000008l8McQAI,2021-03-10T21:02:24.000+0000,,a063F00000HmP3rQAF,a003F000004oiB0QAI
a033F0000050FYrQAM,,TR-00111,2021-03-10T21:02:24.000+0000,0053F000008l8McQAI,2021-03-10T21:02:24.000+0000,0053F000008l8McQAI,2021-03-10T21:02:24.000+0000,,a063F00000HmP3sQAF,a003F000004oiB0QAI
a033F0000050FYsQAM,,TR-00112,2021-03-10T21:02:24.000+0000,0053F000008l8McQAI,2021-03-10T21:02:24.000+0000,0053F000008l8McQAI,2021-03-10T21:02:24.000+0000,,a063F00000HmP3tQAF,a003F000004oiB0QAI
a033F0000050FYtQAM,,TR-00113,2021-03-10T21:02:24.000+0000,0053F000008l8McQAI,2021-03-10T21:02:24.000+0000,0053F000008l8McQAI,2021-03-10T21:02:24.000+0000,,a063F00000HmP3uQAF,a003F000004oiB0QAI
a033F0000050FYuQAM,,TR-00114,2021-03-10T21:02:24.000+0000,0053F000008l8McQAI,2021-03-10T21:02:24.000+0000,0053F000008l8McQAI,2021-03-10T21:02:24.000+0000,,a063F00000HmP3vQAF,a003F000004oiB0QAI
a033F0000050FYvQAM,,TR-00115,2021-03-10T21:02:24.000+0000,0053F000008l8McQAI,2021-03-10T21:02:24.000+0000,0053F000008l8McQAI,2021-03-10T21:02:24.000+0000,,a063F00000HmP3wQAF,a003F000004oiB0QAI
a033F0000050FYwQAM,,TR-00116,2021-03-10T21:02:24.000+0000,0053F000008l8McQAI,2021-03-10T21:02:24.000+0000,0053F000008l8McQAI,2021-03-10T21:02:24.000+0000,,a063F00000HmP3xQAF,a003F000004oiB0QAI
a033F0000050FYxQAM,,TR-00117,2021-03-10T21:02:24.000+0000,0053F000008l8McQAI,2021-03-10T21:02:24.000+0000,0053F000008l8McQAI,2021-03-10T21:02:24.000+0000,,a063F00000HmP3yQAF,a003F000004oiB0QAI
a033F0000050FYyQAM,,TR-00118,2021-03-10T21:02:24.000+0000,0053F000008l8McQAI,2021-03-10T21:02:24.000+0000,0053F000008l8McQAI,2021-03-10T21:02:24.000+0000,,a063F00000HmP3zQAF,a003F000004oiB0QAI
a033F0000050FYzQAM,,TR-00119,2021-03-10T21:02:24.000+0000,0053F000008l8McQAI,2021-03-10T21:02:24.000+0000,0053F000008l8McQAI,2021-03-10T21:02:24.000+0000,,a063F00000HmP40QAF,a003F000004oiB0QAI
a033F0000050FZ0QAM,,TR-00120,2021-03-10T21:02:24.000+0000,0053F000008l8McQAI,2021-03-10T21:02:24.000+0000,0053F000008l8McQAI,2021-03-10T21:02:24.000+0000,,a063F00000HmP41QAF,a003F000004oiB0QAI
a033F0000050FZ1QAM,,TR-00121,2021-03-10T21:02:24.000+0000,0053F000008l8McQAI,2021-03-10T21:02:24.000+0000,0053F000008l8McQAI,2021-03-10T21:02:24.000+0000,,a063F00000HmP42QAF,a003F000004oiB0QAI
a033F0000050FZ2QAM,,TR-00122,2021-03-10T21:02:24.000+0000,0053F000008l8McQAI,2021-03-10T21:02:24.000+0000,0053F000008l8McQAI,2021-03-10T21:02:24.000+0000,,a063F00000HmP43QAF,a003F000004oiB0QAI
a033F0000050FZ3QAM,,TR-00123,2021-03-10T21:02:24.000+0000,0053F000008l8McQAI,2021-03-10T21:02:24.000+0000,0053F000008l8McQAI,2021-03-10T21:02:24.000+0000,,a063F00000HmP44QAF,a003F000004oiB0QAI
a033F0000050FZpQAM,,TR-00171,2021-03-10T21:02:24.000+0000,0053F000008l8McQAI,2021-03-10T21:02:24.000+0000,0053F000008l8McQAI,2021-03-10T21:02:24.000+0000,,a063F00000HmP3xQAF,a003F000004oiB1QAI
a033F0000050FZqQAM,,TR-00172,2021-03-10T21:02:24.000+0000,0053F000008l8McQAI,2021-03-10T21:02:24.000+0000,0053F000008l8McQAI,2021-03-10T21:02:24.000+0000,,a063F00000HmP3yQAF,a003F000004oiB1QAI
a033F0000050FZrQAM,,TR-00173,2021-03-10T21:02:24.000+0000,0053F000008l8McQAI,2021-03-10T21:02:24.000+0000,0053F000008l8McQAI,2021-03-10T21:02:24.000+0000,,a063F00000HmP3zQAF,a003F000004oiB1QAI
a033F0000050FZsQAM,,TR-00174,2021-03-10T21:02:24.000+0000,0053F000008l8McQAI,2021-03-10T21:02:24.000+0000,0053F000008l8McQAI,2021-03-10T21:02:24.000+0000,,a063F00000HmP40QAF,a003F000004oiB1QAI
a033F0000050FZtQAM,,TR-00175,2021-03-10T21:02:24.000+0000,0053F000008l8McQAI,2021-03-10T21:02:24.000+0000,0053F000008l8McQAI,2021-03-10T21:02:24.000+0000,,a063F00000HmP41QAF,a003F000004oiB1QAI
a033F0000050FZuQAM,,TR-00176,2021-03-10T21:02:24.000+0000,0053F000008l8McQAI,2021-03-10T21:02:24.000+0000,0053F000008l8McQAI,2021-03-10T21:02:24.000+0000,,a063F00000HmP42QAF,a003F000004oiB1QAI
a033F0000050FZvQAM,,TR-00177,2021-03-10T21:02:24.000+0000,0053F000008l8McQAI,2021-03-10T21:02:24.000+0000,0053F000008l8McQAI,2021-03-10T21:02:24.000+0000,,a063F00000HmP43QAF,a003F000004oiB1QAI
a033F0000050FZwQAM,,TR-00178,2021-03-10T21:02:24.000+0000,0053F000008l8McQAI,2021-03-10T21:02:24.000+0000,0053F000008l8McQAI,2021-03-10T21:02:24.000+0000,,a063F00000HmP44QAF,a003F000004oiB1QAI
a033F0000050FZxQAM,,TR-00179,2021-03-10T21:02:24.000+0000,0053F000008l8McQAI,2021-03-10T21:02:24.000+0000,0053F000008l8McQAI,2021-03-10T21:02:24.000+0000,,a063F00000HmP45QAF,a003F000004oiB1QAI
a033F0000050FZyQAM,,TR-00180,2021-03-10T21:02:24.000+0000,0053F000008l8McQAI,2021-03-10T21:02:24.000+0000,0053F000008l8McQAI,2021-03-10T21:02:24.000+0000,,a063F00000HmP46QAF,a003F000004oiB1QAI
a033F0000050FZzQAM,,TR-00181,2021-03-10T21:02:24.000+0000,0053F000008l8McQAI,2021-03-10T21:02:24.000+0000,0053F000008l8McQAI,2021-03-10T21:02:24.000+0000,,a063F00000HmP47QAF,a003F000004oiB1QAI
a033F0000050Fa0QAE,,TR-00182,2021-03-10T21:02:24.000+0000,0053F000008l8McQAI,2021-03-10T21:02:24.000+0000,0053F000008l8McQAI,2021-03-10T21:02:24.000+0000,,a063F00000HmP48QAF,a003F000004oiB1QAI
a033F0000050Fa1QAE,,TR-00183,2021-03-10T21:02:24.000+0000,0053F000008l8McQAI,2021-03-10T21:02:24.000+0000,0053F000008l8McQAI,2021-03-10T21:02:24.000+0000,,a063F00000HmP49QAF,a003F000004oiB1QAI
a033F0000050Fa2QAE,,TR-00184,2021-03-10T21:02:24.000+0000,0053F000008l8McQAI,2021-03-10T21:02:24.000+0000,0053F000008l8McQAI,2021-03-10T21:02:24.000+0000,,a063F00000HmP4AQAV,a003F000004oiB1QAI
a033F0000050Fa3QAE,,TR-00185,2021-03-10T21:02:24.000+0000,0053F000008l8McQAI,2021-03-10T21:02:24.000+0000,0053F000008l8McQAI,2021-03-10T21:02:24.000+0000,,a063F00000HmP4BQAV,a003F000004oiB1QAI
a033F0000050Fa4QAE,,TR-00186,2021-03-10T21:02:24.000+0000,0053F000008l8McQAI,2021-03-10T21:02:24.000+0000,0053F000008l8McQAI,2021-03-10T21:02:24.000+0000,,a063F00000HmP4CQAV,a003F000004oiB1QAI
a033F0000050Fa5QAE,,TR-00187,2021-03-10T21:02:24.000+0000,0053F000008l8McQAI,2021-03-10T21:02:24.000+0000,0053F000008l8McQAI,2021-03-10T21:02:24.000+0000,,a063F00000HmP4DQAV,a003F000004oiB1QAI
a033F0000050Fa6QAE,,TR-00188,2021-03-10T21:02:24.000+0000,0053F000008l8McQAI,2021-03-10T21:02:24.000+0000,0053F000008l8McQAI,2021-03-10T21:02:24.000+0000,,a063F00000HmP4EQAV,a003F000004oiB1QAI
a033F0000050Fa7QAE,,TR-00189,2021-03-10T21:02:24.000+0000,0053F000008l8McQAI,2021-03-10T21:02:24.000+0000,0053F000008l8McQAI,2021-03-10T21:02:24.000+0000,,a063F00000HmP4FQAV,a003F000004oiB1QAI
a033F0000050Fa8QAE,,TR-00190,2021-03-10T21:02:24.000+0000,0053F000008l8McQAI,2021-03-10T21:02:24.000+0000,0053F000008l8McQAI,2021-03-10T21:02:24.000+0000,,a063F00000HmP4GQAV,a003F000004oiB1QAI
a033F0000050Fa9QAE,,TR-00191,2021-03-10T21:02:24.000+0000,0053F000008l8McQAI,2021-03-10T21:02:24.000+0000,0053F000008l8McQAI,2021-03-10T21:02:24.000+0000,,a063F00000HmP4IQAV,a003F000004oiB1QAI
a033F0000050FaAQAU,,TR-00192,2021-03-10T21:02:24.000+0000,0053F000008l8McQAI,2021-03-10T21:02:24.000+0000,0053F000008l8McQAI,2021-03-10T21:02:24.000+0000,,a063F00000HmP49QAF,a003F000004oiBIQAY
a033F0000050FaBQAU,,TR-00193,2021-03-10T21:02:24.000+0000,0053F000008l8McQAI,2021-03-10T21:02:24.000+0000,0053F000008l8McQAI,2021-03-10T21:02:24.000+0000,,a063F00000HmP3wQAF,a003F000004oiBGQAY
a033F0000050FaCQAU,,TR-00194,2021-03-10T21:02:24.000+0000,0053F000008l8McQAI,2021-03-10T21:02:24.000+0000,0053F000008l8McQAI,2021-03-10T21:02:24.000+0000,,a063F00000HmP3qQAF,a003F000004oiBDQAY
a033F0000050FaDQAU,,TR-00195,2021-03-10T21:02:24.000+0000,0053F000008l8McQAI,2021-03-10T21:02:24.000+0000,0053F000008l8McQAI,2021-03-10T21:02:24.000+0000,,a063F00000HmP3QQAV,a003F000004oiB7QAI
a033F0000050FaEQAU,,TR-00196,2021-03-10T21:02:24.000+0000,0053F000008l8McQAI,2021-03-10T21:02:24.000+0000,0053F000008l8McQAI,2021-03-10T21:02:24.000+0000,,a063F00000HmP3QQAV,a003F000004oiB5QAI
a033F0000050FaFQAU,,TR-00197,2021-03-10T21:02:24.000+0000,0053F000008l8McQAI,2021-03-10T21:02:24.000+0000,0053F000008l8McQAI,2021-03-10T21:02:24.000+0000,,a063F00000HmP3QQAV,a003F000004oiBCQAY
a033F0000050FaGQAU,,TR-00198,2021-03-10T21:02:24.000+0000,0053F000008l8McQAI,2021-03-10T21:02:24.000+0000,0053F000008l8McQAI,2021-03-10T21:02:24.000+0000,,a063F00000HmP3RQAV,a003F000004oiAwQAI
a033F0000050FaHQAU,,TR-00199,2021-03-10T21:02:24.000+0000,0053F000008l8McQAI,2021-03-10T21:02:24.000+0000,0053F000008l8McQAI,2021-03-10T21:02:24.000+0000,,a063F00000HmP3SQAV,a003F000004oiAwQAI
a033F0000050FXQQA2,,TR-00022,2021-03-10T21:02:24.000+0000,0053F000008l8McQAI,2021-03-10T21:02:24.000+0000,0053F000008l8McQAI,2021-03-10T21:02:24.000+0000,,a063F00000HmP4EQAV,a003F000004oiAwQAI
a033F0000050FXRQA2,,TR-00023,2021-03-10T21:02:24.000+0000,0053F000008l8McQAI,2021-03-10T21:02:24.000+0000,0053F000008l8McQAI,2021-03-10T21:02:24.000+0000,,a063F00000HmP4FQAV,a003F000004oiAwQAI
a033F0000050FXSQA2,,TR-00024,2021-03-10T21:02:24.000+0000,0053F000008l8McQAI,2021-03-10T21:02:24.000+0000,0053F000008l8McQAI,2021-03-10T21:02:24.000+0000,,a063F00000HmP4GQAV,a003F000004oiAwQAI
a033F0000050FXTQA2,,TR-00025,2021-03-10T21:02:24.000+0000,0053F000008l8McQAI,2021-03-10T21:02:24.000+0000,0053F000008l8McQAI,2021-03-10T21:02:24.000+0000,,a063F00000HmP3QQAV,a003F000004oiBAQAY
a033F0000050FXUQA2,,TR-00026,2021-03-10T21:02:24.000+0000,0053F000008l8McQAI,2021-03-10T21:02:24.000+0000,0053F000008l8McQAI,2021-03-10T21:02:24.000+0000,,a063F00000HmP46QAF,a003F000004oiAzQAI
a033F0000050FXVQA2,,TR-00027,2021-03-10T21:02:24.000+0000,0053F000008l8McQAI,2021-03-10T21:02:24.000+0000,0053F000008l8McQAI,2021-03-10T21:02:24.000+0000,,a063F00000HmP3wQAF,a003F000004oiBHQAY
a033F0000050FXWQA2,,TR-00028,2021-03-10T21:02:24.000+0000,0053F000008l8McQAI,2021-03-10T21:02:24.000+0000,0053F000008l8McQAI,2021-03-10T21:02:24.000+0000,,a063F00000HmP3qQAF,a003F000004oiBLQAY
a033F0000050FXXQA2,,TR-00029,2021-03-10T21:02:24.000+0000,0053F000008l8McQAI,2021-03-10T21:02:24.000+0000,0053F000008l8McQAI,2021-03-10T21:02:24.000+0000,,a063F00000HmP3RQAV,a003F000004oiBEQAY
